Iteration,MSE,w,b,Total calc time
0,8.5538,0.11,0.03,0.0
10,0.7000548540903043,0.6975860557290504,0.18811286891883466,0.0010204315185546875
20,0.06670655020553462,0.8652348145123788,0.229987668613493,0.0010204315185546875
30,0.015317927339145096,0.9136504362508516,0.2389133238604667,0.0010204315185546875
40,0.010845343063823194,0.9282023057443942,0.23853450154312186,0.0010204315185546875
50,0.010165092621274458,0.93312680622107,0.23556302891835823,0.0010204315185546875
60,0.009801135269491269,0.9353048126178267,0.23190355691967293,0.0010204315185546875
70,0.009472955869818004,0.9366900111854813,0.22809600504371796,0.0010204315185546875
80,0.009157603308633994,0.9378372680319659,0.22429286250988936,0.0010204315185546875
90,0.00885289694543631,0.9389043240841662,0.22053664135906934,0.002027750015258789
100,0.008558341201074567,0.9399361738140513,0.21683864446304096,0.002027750015258789
110,0.008273586949826366,0.9409457996999985,0.21320132734366468,0.002027750015258789
120,0.00799830715696827,0.9419370925957552,0.20962464642109177,0.002027750015258789
130,0.007732186513165004,0.942911358823905,0.20610786105333015,0.002027750015258789
140,0.007474920268136337,0.9438691675809763,0.2026500449222395,0.002027750015258789
150,0.007226213816774374,0.9448108754678544,0.19925023100974146,0.002027750015258789
160,0.006985782356550049,0.9457367754584607,0.1959074525546583,0.003027677536010742
170,0.00675335056095417,0.9466471392464703,0.19262075448209667,0.003027677536010742
180,0.006528652264177296,0.9475422293214046,0.18938919645338562,0.003027677536010742
190,0.006311430156311175,0.9484223024500643,0.18621185354038058,0.003027677536010742
200,0.006101435488694086,0.9492876107170689,0.1830878162285442,0.003027677536010742
210,0.0058984277890597354,0.9501384018715595,0.1800161902326289,0.003027677536010742
220,0.005702174586164233,0.9509749194760615,0.17699609626226404,0.003027677536010742
230,0.005512451143575114,0.9517974029983342,0.1740266697763764,0.003027677536010742
240,0.005329040202317505,0.952606087886204,0.17110706073744378,0.004027366638183594
250,0.005151731732083577,0.9534012056367482,0.16823643336865443,0.004027366638183594
260,0.004980322690719187,0.9541829838630697,0.1654139659147949,0.004027366638183594
270,0.004814616791713439,0.9549516463595982,0.1626388504070518,0.004027366638183594
280,0.0046544242794238615,0.9557074131661952,0.15991029243173122,0.004027366638183594
290,0.0044995617117807325,0.9564505006311554,0.1572275109028502,0.004027366638183594
300,0.004349851750221049,0.9571811214731417,0.15458973783854169,0.004027366638183594
310,0.004205122956611878,0.9578994848420807,0.1519962181412097,0.004027366638183594
320,0.004065209596930668,0.9586057963790335,0.14944620938137265,0.004027366638183594
330,0.003929951451477275,0.959300258275065,0.14693898158513308,0.004027366638183594
340,0.00379919363140076,0.959983069329122,0.14447381702521278,0.004027366638183594
350,0.0036727864013308257,0.9606544250049438,0.14205001001549417,0.005532979965209961
360,0.003550585007910538,0.9613145174870146,0.13966686670900788,0.005532979965209961
370,0.003432449514034116,0.9619635357355805,0.13732370489931017,0.005532979965209961
380,0.0033182446386000675,0.9626016655407404,0.13501985382519205,0.005532979965209961
390,0.00320783960159616,0.963229089575632,0.13275465397866495,0.00605010986328125
400,0.003101107974338499,0.9638459874487239,0.13052745691616813,0.00605010986328125
410,0.0029979275346936262,0.9644525357552309,0.12833762507294252,0.00605010986328125
420,0.0028981801271177818,0.9650489081276667,0.12618453158051984,0.00605010986328125
430,0.0028017515273526324,0.965635275285549,0.12406756008727303,0.00605010986328125
440,0.0027085313116232477,0.9662118050842696,0.12198610458197727,0.00605010986328125
450,0.002618412730187948,0.9667786625631456,0.11993956922033129,0.00605010986328125
460,0.00253129258509524,0.9673360099926638,0.11792736815438902,0.00605010986328125
470,0.0024470711120084844,0.9678840069209331,0.11594892536485298,0.007056236267089844
480,0.002365651865962033,0.9684228102193573,0.11400367449618083,0.007056236267089844
490,0.0022869416109188487,0.9689525741275411,0.11209105869445876,0.007056236267089844
500,0.002210850213002573,0.9694734502974443,0.11021053044799457,0.007056236267089844
510,0.0021372905372820873,0.9699855878367929,0.10836155143058522,0.007056236267089844
520,0.0020661783479902613,0.9704891333517637,0.10654359234741374,0.007056236267089844
530,0.0019974322120625736,0.9709842309889528,0.10475613278353169,0.007056236267089844
540,0.0019309734058852838,0.9714710224766386,0.10299866105488323,0.008056163787841797
550,0.001866725825146241,0.9719496471653541,0.10127067406182902,0.008056163787841797
560,0.0018046158976852296,0.9724202420677774,0.09957167714512712,0.008056163787841797
570,0.0017445724992437358,0.9728829418979537,0.09790118394433013,0.008056163787841797
580,0.0016865268720182985,0.9733378791098585,0.09625871625855828,0.008056163787841797
590,0.0016304125459233334,0.9737851839353149,0.09464380390960786,0.008056163787841797
600,0.001576165262474029,0.974224984421274,0.0930559846073566,0.008056163787841797
610,0.0015237229012016042,0.97465740646647,0.09149480381742689,0.008056163787841797
620,0.0014730254085170886,0.9750825738574603,0.08995981463106927,0.009056568145751953
630,0.0014240147289417476,0.9755006083040612,0.08845057763722888,0.009056568145751953
640,0.0013766347386257784,0.9759116294741885,0.0869666607967583,0.009056568145751953
650,0.0013308311810788583,0.9763157550281146,0.08550763931874043,0.009056568145751953
660,0.001286551605039243,0.9767131006521507,0.08407309553888663,0.009561777114868164
670,0.0012437453044098425,0.977103780091762,0.08266261879997457,0.009561777114868164
680,0.0012023632601930224,0.9774879051841305,0.08127580533429235,0.009561777114868164
690,0.001162358084357112,0.9778655858901691,0.07991225814805442,0.009561777114868164
700,0.0011236839655708012,0.978236930325999,0.07857158690775695,0.009561777114868164
710,0.0010862966167429495,0.9786020447939004,0.0772534078284397,0.009561777114868164
720,0.0010501532243078074,0.9789610338127421,0.07595734356382249,0.009561777114868164
730,0.0010152123991978214,0.9793140001479016,0.07468302309828465,0.009561777114868164
740,0.00098143412944748,0.9796610448406836,0.07343008164065701,0.010567665100097656
750,0.000948779734374227,0.9800022672372436,0.0721981605197955,0.010567665100097656
760,0.0009172118202838628,0.9803377650170274,0.07098690708190693,0.010567665100097656
770,0.0008866942376496974,0.9806676342207332,0.06979597458959694,0.010567665100097656
780,0.0008571920397164586,0.9809919692778049,0.06862502212261196,0.010567665100097656
790,0.0008286714424815686,0.9813108630334628,0.06747371448024621,0.010567665100097656
800,0.0008010997860078523,0.9816244067752828,0.06634172208538593,0.010567665100097656
810,0.0007744454970234923,0.9819326902593278,0.06522872089016378,0.010567665100097656
820,0.0007486780527664517,0.9822358017358422,0.06413439228319569,0.011567831039428711
830,0.0007237679460316548,0.9825338279745147,0.06305842299837416,0.011567831039428711
840,0.0006996866513813659,0.982826854289317,0.0620005050251916,0.011567831039428711
850,0.0006764065924796468,0.9831149645629261,0.060960335520568315,0.011567831039428711
860,0.0006539011105137751,0.9833982412707366,0.05993761672215956,0.011567831039428711
870,0.0006321444336662096,0.9836767655044711,0.058932055863117234,0.011567831039428711
880,0.0006111116476024996,0.9839506169953931,0.05794336508828138,0.011567831039428711
890,0.0005907786669409153,0.9842198741371315,0.056971261371777826,0.012568473815917969
900,0.00057112220767146,0.9844846140081214,0.05601546643599835,0.012568473815917969
910,0.000552119760492543,0.9847449123936691,0.055075706671939915,0.012568473815917969
920,0.0005337495650347736,0.9850008438076475,0.05415171306088057,0.012568473815917969
930,0.0005159905849424178,0.9852524815138247,0.05324322109736905,0.012568473815917969
940,0.0004988224837838838,0.9854998975468386,0.05234997071350685,0.012568473815917969
950,0.00048222560176382326,0.9857431627328168,0.051471706204500166,0.012568473815917969
960,0.0004661809332099651,0.9859823467096516,0.05060817615546106,0.012568473815917969
970,0.00045067010480906,0.9862175179469356,0.049759133369436555,0.013567924499511719
980,0.00043567535456695447,0.9864487437655606,0.0489243347966452,0.013567924499511719
990,0.0004211795114687412,0.9866760903569903,0.04810354146490097,0.013567924499511719
1000,0.0004071659758155594,0.986899622802208,0.04729651841120421,0.013567924499511719
1010,0.00039361870021576513,0.9871194050903471,0.04650303461448029,0.013567924499511719
1020,0.0003805221712084663,0.9873355001370081,0.045722862929446856,0.013567924499511719
1030,0.0003678613914985016,0.9875479698022704,0.04495578002159054,0.013567924499511719
1040,0.00035562186278255035,0.987756874908399,0.044201566303234324,0.013567924499511719
1050,0.0003437895691465734,0.9879622752572575,0.0434600058706777,0.013567924499511719
1060,0.00033235096101574656,0.9881642296474251,0.0427308864423914,0.013567924499511719
1070,0.0003212929396382995,0.9883627958910304,0.042013999298248964,0.013567924499511719
1080,0.00031060284208574715,0.9885580308302993,0.04130913921977782,0.013567924499511719
1090,0.00030026842675208454,0.9887499903538275,0.04061610443141289,0.015073299407958984
1100,0.00029027785933549987,0.9889387294125805,0.039934696542735466,0.015073299407958984
1110,0.0002806196992864913,0.9891243020356221,0.03926472049168136,0.015073299407958984
1120,0.0002712828867069307,0.9893067613455816,0.038605984488701874,0.015073299407958984
1130,0.00026225672968493573,0.9894861595738617,0.03795829996186143,0.015073299407958984
1140,0.0002535308920512115,0.9896625480755892,0.03732148150285647,0.015073299407958984
1150,0.00024509538154276046,0.989835977344317,0.03669534681393964,0.015073299407958984
1160,0.00023694053836033005,0.9900064970264785,0.03607971665573487,0.01607966423034668
1170,0.0002290570241067132,0.9901741559355985,0.0354744147959275,0.01607966423034668
1180,0.00022143581109296124,0.9903390020662683,0.03487926795881563,0.01607966423034668
1190,0.00021406817200049798,0.9905010826078835,0.034294105775707545,0.01607966423034668
1200,0.00020694566988713677,0.9906604439581532,0.03371876073615143,0.01658463478088379
1210,0.00020006014852565944,0.990817131736382,0.033153068139983304,0.01658463478088379
1220,0.00019340372306382247,0.9909711907965284,0.032596866050179384,0.01658463478088379
1230,0.00018696877099514333,0.9911226652400462,0.03204999524649944,0.01658463478088379
1240,0.00018074792343008802,0.9912715984285078,0.03151229917990795,0.01658463478088379
1250,0.00017473405665771008,0.9914180329960179,0.03098362392775978,0.01658463478088379
1260,0.0001689202839880545,0.9915620108614174,0.03046381814973785,0.01726078987121582
1270,0.00016329994786591602,0.991703573240284,0.029952733044529906,0.01726078987121582
1280,0.00015786661224709864,0.9918427606567299,0.029450222307232158,0.017590761184692383
1290,0.00015261405522821843,0.991979612955003,0.02895614208746762,0.017590761184692383
1300,0.00014753626192185148,0.9921141693108922,0.028470350948206973,0.017590761184692383
1310,0.00014262741756859538,0.9922464682429429,0.027992709825280366,0.017590761184692383
1320,0.00013788190087845882,0.9923765476234825,0.027523081987568462,0.017590761184692383
1330,0.00013329427759367746,0.9925044446894624,0.02706133299786132,0.017590761184692383
1340,0.0001288592942657616,0.9926301960531179,0.02660733067437389,0.017590761184692383
1350,0.00012457187223960367,0.9927538377124477,0.026160945052907274,0.017590761184692383
1360,0.0001204271018377226,0.99287540506152,0.025722048349644866,0.018590688705444336
1370,0.0001164202367380284,0.9929949329006045,0.02529051492457234,0.018590688705444336
1380,0.00011254668853861037,0.9931124554461332,0.024866221245511588,0.018590688705444336
1390,0.00010880202150345096,0.9932280063404969,0.024449045852758127,0.018590688705444336
1400,0.00010518194748284973,0.9933416186616749,0.024038869324311422,0.019095897674560547
1410,0.00010168232100296398,0.9934533249327039,0.023635574241688894,0.019095897674560547
1420,9.82991345186447e-05,0.9935631571309887,0.02323904515631329,0.019095897674560547
1430,9.50285138242785e-05,0.9936711466974555,0.022849168556463975,0.019095897674560547
1440,9.186671361727771e-05,0.9937773245455531,0.022465832834782772,0.019095897674560547
1450,8.88101132092325e-05,0.9938817210701018,0.02208892825632473,0.019095897674560547
1460,8.585521237970037e-05,0.9939843661559938,0.021718346927145117,0.019095897674560547
1470,8.299862736800651e-05,0.9940852891867494,0.021353982763413406,0.019095897674560547
1480,8.023708699836596e-05,0.9941845190529272,0.020995731461045275,0.02010202407836914
1490,7.75674289339496e-05,0.9942820841603953,0.020643490465844225,0.02010202407836914
1500,7.498659605558807e-05,0.9943780124384625,0.020297158944144057,0.02010202407836914
1510,7.249163296094231e-05,0.994472331347873,0.01995663775394385,0.02010202407836914
1520,7.007968258018117e-05,0.9945650678886684,0.01962182941652736,0.02010202407836914
1530,6.77479829042508e-05,0.9946562486079159,0.019292638088558352,0.02010202407836914
1540,6.549386382199064e-05,0.9947458996073082,0.01896896953464416,0.02010202407836914
1550,6.33147440624977e-05,0.9948340465506353,0.018650731100359662,0.02010202407836914
1560,6.120812823924025e-05,0.9949207146711313,0.018337831685723577,0.021101951599121094
1570,5.917160399247966e-05,0.9950059287786974,0.018030181719119995,0.021101951599121094
1580,5.7202839226801075e-05,0.9950897132670045,0.017727693131657275,0.021101951599121094
1590,5.5299579440561566e-05,0.9951720921204757,0.017430279331957132,0.021101951599121094
1600,5.3459645144152745e-05,0.9952530889211529,0.017137855181366738,0.021101951599121094
1610,5.1680929364218944e-05,0.9953327268554467,0.016850336969586596,0.021101951599121094
1620,4.996139523087812e-05,0.995411028720774,0.016567642390707453,0.021101951599121094
1630,4.829907364522217e-05,0.9954880169320847,0.016289690519649062,0.021101951599121094
1640,4.669206102444328e-05,0.9955637135282771,0.01601640178899429,0.02210235595703125
1650,4.5138517121976154e-05,0.9956381401785082,0.015747697966211952,0.02210235595703125
1660,4.363666292015528e-05,0.9957113181883956,0.015483502131261631,0.02210235595703125
1670,4.218477859300757e-05,0.9957832685061172,0.01522373865457439,0.02210235595703125
1680,4.0781201536819285e-05,0.9958540117284079,0.01496833317540274,0.02210235595703125
1690,3.942432446622409e-05,0.9959235681064548,0.014717212580533866,0.02210235595703125
1700,3.8112593573656295e-05,0.9959919575516958,0.01447030498336011,0.02210235595703125
1710,3.684450675001935e-05,0.9960591996415186,0.014227539703300315,0.02210235595703125
1720,3.5618611864570874e-05,0.996125313624865,0.013988847245566661,0.0231020450592041
1730,3.4433505102041356e-05,0.9961903184277413,0.013754159281270863,0.0231020450592041
1740,3.328782935506946e-05,0.9962542326586363,0.013523408627864143,0.0231020450592041
1750,3.2180272670134674e-05,0.9963170746138481,0.013296529229905226,0.0231020450592041
1760,3.1109566745198274e-05,0.9963788622827215,0.013073456140151186,0.0231020450592041
1770,3.0074485477312326e-05,0.9964396133527977,0.012854125500965423,0.0231020450592041
1780,2.907384355857733e-05,0.9964993452148783,0.012638474526037549,0.0231020450592041
1790,2.8106495118805897e-05,0.9965580749680024,0.012426441482409921,0.0231020450592041
1800,2.717133241333716e-05,0.9966158194243425,0.01221796567280582,0.024101972579956055
1810,2.6267284554524134e-05,0.9966725951140164,0.01201298741825411,0.024101972579956055
1820,2.5393316285430364e-05,0.99672841828982,0.011811448041005262,0.024101972579956055
1830,2.454842679430197e-05,0.9967833049318792,0.011613289847734016,0.024101972579956055
1840,2.3731648568524218e-05,0.996837270752225,0.011418456113024012,0.024101972579956055
1850,2.2942046286674453e-05,0.9968903311992904,0.011226891063129312,0.024101972579956055
1860,2.2178715747461652e-05,0.9969425014623335,0.011038539860008459,0.02510523796081543
1870,2.1440782834283798e-05,0.9969937964757858,0.010853348585626338,0.02510523796081543
1880,2.0727402514257697e-05,0.9970442309235262,0.010671264226519463,0.02510523796081543
1890,2.0037757870531226e-05,0.997093819243086,0.010492234658620076,0.02510523796081543
1900,1.9371059166813743e-05,0.9971425756297806,0.010316208632335068,0.02510523796081543
1910,1.8726542943013055e-05,0.9971905140407735,0.010143135757875,0.02510523796081543
1920,1.8103471140975144e-05,0.9972376481990722,0.009972966490829373,0.02510523796081543
1930,1.7501130259302443e-05,0.997283991597456,0.009805652117983893,0.02510523796081543
1940,1.691883053630614e-05,0.9973295575023381,0.009641144743375737,0.02510523796081543
1950,1.6355905160131623e-05,0.9973743589575648,0.009479397274582618,0.026270627975463867
1960,1.5811709505166853e-05,0.9974184087881478,0.009320363409241934,0.026270627975463867
1970,1.5285620393862615e-05,0.9974617196039368,0.009163997621796163,0.026270627975463867
1980,1.4777035383105111e-05,0.9975043038032285,0.00901025515046049,0.026270627975463867
1990,1.428537207434927e-05,0.9975461735763155,0.008859091984409229,0.026270627975463867
2000,1.3810067446674815e-05,0.9975873409089769,0.008710464851177147,0.026270627975463867
2010,1.3350577212067888e-05,0.997627817585909,0.00856433120427208,0.026270627975463867
2020,1.2906375192127337e-05,0.9976676151940984,0.008420649210995486,0.026270627975463867
2030,1.2476952715526047e-05,0.9977067451261395,0.00827937774046718,0.02732062339782715
2040,1.2061818035512373e-05,0.9977452185834954,0.008140476351851195,0.02732062339782715
2050,1.1660495766788459e-05,0.9977830465797041,0.008003905282779033,0.02732062339782715
2060,1.1272526341134277e-05,0.9978202399435327,0.007869625437967199,0.02732062339782715
2070,1.0897465481141524e-05,0.997856809322076,0.007737598378025426,0.02732062339782715
2080,1.0534883691451985e-05,0.9978927651838042,0.007607786308453178,0.02732062339782715
2090,1.0184365766927047e-05,0.997928117821561,0.0074801520688203265,0.02732062339782715
2100,9.845510317187442e-06,0.9979628773555084,0.007354659122129463,0.02732062339782715
2110,9.517929306960708e-06,0.9979970537360253,0.007231271544356828,0.02832794189453125
2120,9.201247611730945e-06,0.9980306567465547,0.007109954014168409,0.02832794189453125
2130,8.895102588173408e-06,0.9980636960064048,0.0069906718028088675,0.02832794189453125
2140,8.599143658871711e-06,0.9980961809735029,0.006873390764159958,0.02832794189453125
2150,8.313031910867171e-06,0.9981281209471027,0.00675807732496568,0.02832794189453125
2160,8.036439707550746e-06,0.9981595250704463,0.006644698475221516,0.02832794189453125
2170,7.769050313479904e-06,0.9981904023333811,0.0065332217587248725,0.02832794189453125
2180,7.510557531675033e-06,0.9982207615749339,0.006423615263784111,0.02832794189453125
2190,7.2606653529720875e-06,0.9982506114858412,0.006315847614083372,0.0293276309967041
2200,7.01908761706863e-06,0.9982799606110365,0.006209887959700753,0.0293276309967041
2210,6.78554768481636e-06,0.9983088173520974,0.006105705968276925,0.0293276309967041
2220,6.5597781214400014e-06,0.9983371899696492,0.006003271816332226,0.0293276309967041
2230,6.341520390285315e-06,0.9983650865857306,0.005902556180729332,0.0293276309967041
2240,6.130524556763892e-06,0.9983925151861192,0.0058035302302790115,0.0293276309967041
2250,5.926549002137949e-06,0.998419483622616,0.005706165617486872,0.0293276309967041
2260,5.729360146839191e-06,0.9984459996152946,0.005610434470438519,0.0293276309967041
2270,5.538732182986722e-06,0.9984720707547101,0.005516309384820794,0.0303802490234375
2280,5.354446815806597e-06,0.9984977045040727,0.0054237634160770294,0.0303802490234375
2290,5.176293013655531e-06,0.9985229082013839,0.005332770071693767,0.0303802490234375
2300,5.004066766359754e-06,0.998547689061537,0.005243303303616795,0.0303802490234375
2310,4.837570851597321e-06,0.9985720541783825,0.005155337500794747,0.0303802490234375
2320,4.676614609050602e-06,0.998596010526759,0.005068847481847506,0.0303802490234375
2330,4.52101372207654e-06,0.9986195649644896,0.0049838084878576746,0.0303802490234375
2340,4.370590006634477e-06,0.998642724234345,0.004900196175283023,0.0303802490234375
2350,4.225171207250086e-06,0.9986654949659741,0.004817986608987867,0.0313873291015625
2360,4.084590799747899e-06,0.9986878836778015,0.00473715625539127,0.0313873291015625
2370,3.948687800569944e-06,0.9987098967788934,0.0046576819757303,0.0313873291015625
2380,3.817306582420254e-06,0.9987315405707927,0.004579541019436141,0.0313873291015625
2390,3.6902966960529823e-06,0.9987528212493223,0.004502711017621544,0.0313873291015625
2400,3.5675126979880978e-06,0.9987737449063592,0.004427169976677457,0.0313873291015625
2410,3.4488139839605573e-06,0.9987943175315785,0.004352896271976948,0.0313873291015625
2420,3.3340646279028805e-06,0.9988145450141677,0.004279868641684929,0.0313873291015625
2430,3.22313322630098e-06,0.9988344331445123,0.004208066180671643,0.03238558769226074
2440,3.1158927477126136e-06,0.9988539876158538,0.004137468334528388,0.03238558769226074
2450,3.0122203872992085e-06,0.9988732140259197,0.004068054893683487,0.03238558769226074
2460,2.9119974262026467e-06,0.9988921178785254,0.0039998059876169235,0.03238558769226074
2470,2.815109095591241e-06,0.9989107045851497,0.003932702079172352,0.03238558769226074
2480,2.7214444452356442e-06,0.998928979466485,0.0038667239589641445,0.03238558769226074
2490,2.6308962164565778e-06,0.9989469477539583,0.0038018527398784897,0.03238558769226074
2500,2.5433607192988307e-06,0.998964614591231,0.0037380698516668205,0.03238558769226074
2510,2.4587377137910845e-06,0.9989819850356702,0.003675357035629667,0.03338813781738281
2520,2.3769302951586073e-06,0.9989990640597961,0.003613696339390001,0.03338813781738281
2530,2.2978447828554714e-06,0.9990158565527065,0.003553070111754048,0.03338813781738281
2540,2.221390613283281e-06,0.9990323673214758,0.0034934609976584076,0.03338813781738281
2550,2.147480236090209e-06,0.999048601092531,0.0034348519332019437,0.03338813781738281
2560,2.076029013906616e-06,0.9990645625130046,0.0033772261407610223,0.03338813781738281
2570,2.0069551254308354e-06,0.9990802561520654,0.003320567124186721,0.03338813781738281
2580,1.940179471728001e-06,0.9990956865022262,0.003264858664082525,0.03438735008239746
2590,1.8756255856530364e-06,0.9991108579806298,0.0032100848131613935,0.03438735008239746
2600,1.8132195442837578e-06,0.9991257749303135,0.003156229891680536,0.03438735008239746
2610,1.7528898842718124e-06,0.9991404416214524,0.003103278482952953,0.03438735008239746
2620,1.6945675200052226e-06,0.9991548622525819,0.0030512154289341524,0.03438735008239746
2630,1.6381856644983916e-06,0.9991690409517991,0.0030000258258829934,0.03438735008239746
2640,1.583679752907645e-06,0.9991829817779453,0.0029496950200952614,0.03438735008239746
2650,1.5309873686003202e-06,0.9991966887217671,0.002900208603708897,0.03438735008239746
2660,1.480048171677956e-06,0.9992101657070593,0.002851552410579528,0.03538775444030762
2670,1.4308038298771464e-06,0.9992234165917884,0.002803712512225253,0.03538775444030762
2680,1.3831979517736132e-06,0.9992364451691957,0.0027566752138393305,0.03538775444030762
2690,1.3371760222048944e-06,0.9992492551688851,0.0027104270503699895,0.03538775444030762
2700,1.292685339843931e-06,0.9992618502578889,0.0026649547826657774,0.03589653968811035
2710,1.249674956848069e-06,0.999274234041719,0.0026202453936857626,0.03589653968811035
2720,1.2080956205182771e-06,0.9992864100653981,0.0025762860847731257,0.03589653968811035
2730,1.167899716895995e-06,0.9992983818144746,0.0025330642719914717,0.03589653968811035
2740,1.1290412162415155e-06,0.999310152716021,0.002490567582522458,0.03640246391296387
2750,1.091475620321095e-06,0.9993217261396141,0.0024487838511239534,0.03640246391296387
2760,1.055159911452583e-06,0.9993331053983002,0.00240770111664752,0.03640246391296387
2770,1.0200525032421806e-06,0.9993442937495436,0.0023673076186144387,0.03640246391296387
2780,9.861131929646415e-07,0.9993552943961583,0.0023275917938490468,0.03640246391296387
2790,9.533031155242543e-07,0.9993661104872257,0.002288542273168676,0.03640246391296387
2800,9.21584698948567e-07,0.9993767451189957,0.0022501478781290496,0.03640246391296387
2810,8.909216213667763e-07,0.9993872013357726,0.002212397617824336,0.03640246391296387
2820,8.612787694111236e-07,0.9993974821307878,0.002175280685740819,0.03741097450256348
2830,8.326221980112278e-07,0.9994075904470554,0.0021387864566634104,0.03741097450256348
2840,8.049190915219857e-07,0.9994175291782152,0.002102904483634008,0.03759503364562988
2850,7.78137726142353e-07,0.9994273011693613,0.0020676244949609625,0.03759503364562988
2860,7.522474335912002e-07,0.9994369092178557,0.0020329363912786284,0.03759503364562988
2870,7.27218565986223e-07,0.9994463560741302,0.0019988302426563213,0.03759503364562988
2880,7.03022461891154e-07,0.9994556444424729,0.0019652962857557247,0.03759503364562988
2890,6.796314134986207e-07,0.9994647769818028,0.0019323249210359927,0.03759503364562988
2900,6.570186348977435e-07,0.9994737563064304,0.0018999067100057955,0.03759503364562988
2910,6.351582314018671e-07,0.999482584986807,0.0018680323725213904,0.03759503364562988
2920,6.140251698951003e-07,0.9994912655502595,0.0018366927841300244,0.038602352142333984
2930,5.93595250167662e-07,0.9994998004817146,0.0018058789734580272,0.038602352142333984
2940,5.738450772001981e-07,0.99950819222441,0.0017755821196425707,0.038602352142333984
2950,5.547520343768399e-07,0.9995164431805932,0.0017457935498066065,0.038602352142333984
2960,5.362942575841229e-07,0.9995245557122104,0.0017165047365761356,0.038602352142333984
2970,5.184506101734463e-07,0.9995325321415814,0.0016877072956391224,0.038602352142333984
2980,5.012006587578613e-07,0.9995403747520655,0.0016593929833453697,0.038602352142333984
2990,4.845246498124295e-07,0.9995480857887137,0.0016315536943466527,0.038602352142333984
3000,4.684034870536606e-07,0.9995556674589128,0.0016041814592765197,0.03960156440734863
3010,4.528187095724295e-07,0.9995631219330169,0.0015772684424689644,0.03960156440734863
3020,4.3775247069281776e-07,0.999570451344968,0.0015508069397151775,0.03960156440734863
3030,4.231875175355845e-07,0.9995776577929082,0.0015247893760583328,0.03960156440734863
3040,4.0910717126186563e-07,0.9995847433397782,0.0014992083036250489,0.04010820388793945
3050,3.9549530797245564e-07,0.9995917100139107,0.0014740563994933976,0.04010820388793945
3060,3.823363402445506e-07,0.9995985598096083,0.001449326463596491,0.04010820388793945
3070,3.696151992829915e-07,0.9996052946877163,0.0014250114166615602,0.04010820388793945
3080,3.573173176624845e-07,0.999611916576183,0.0014011042981832674,0.04010820388793945
3090,3.454286126464059e-07,0.9996184273706118,0.0013775982644311958,0.04010820388793945
3100,3.339354700619804e-07,0.9996248289348042,0.0013544865864908327,0.04010820388793945
3110,3.228247287080306e-07,0.9996311231012933,0.001331762648337174,0.04111480712890625
3120,3.120836652842773e-07,0.9996373116718676,0.0013094199449409044,0.04111480712890625
3130,3.016999798219184e-07,0.9996433964180881,0.001287452080406249,0.04111480712890625
3140,2.9166178159843805e-07,0.9996493790817936,0.0012658527661400297,0.04111480712890625
3150,2.8195757552050117e-07,0.9996552613756016,0.001244615819051499,0.04111480712890625
3160,2.725762489611876e-07,0.9996610449833967,0.0012237351597822947,0.04111480712890625
3170,2.635070590338828e-07,0.9996667315608136,0.0012032048109661883,0.0421144962310791
3180,2.5473962029064614e-07,0.9996723227357105,0.0011830188955180027,0.0421144962310791
3190,2.4626389283013895e-07,0.9996778201086356,0.0011631716349511574,0.0421144962310791
3200,2.3807017079867615e-07,0.9996832252532851,0.0011436573477235463,0.0421144962310791
3210,2.3014907127790981e-07,0.9996885397169534,0.0011244704476110882,0.0421144962310791
3220,2.224915235386252e-07,0.9996937650209763,0.001105605442108612,0.0421144962310791
3230,2.1508875865395837e-07,0.9996989026611663,0.0010870569308576105,0.0421144962310791
3240,2.0793229945800338e-07,0.9997039541082419,0.0010688196041002177,0.0421144962310791
3250,2.0101395083804125e-07,0.999708920808246,0.0010508882411592434,0.043114423751831055
3260,1.943257903502299e-07,0.9997138041829632,0.0010332577089437766,0.043114423751831055
3270,1.8786015914735068e-07,0.999718605630324,0.0010159229604796848,0.043114423751831055
3280,1.8160965320790012e-07,0.999723326524807,0.0009988790334647885,0.043114423751831055
3290,1.755671148580922e-07,0.9997279682178306,0.0009821210488484575,0.043114423751831055
3300,1.6972562457523197e-07,0.9997325320381413,0.0009656442094348822,0.043114423751831055
3310,1.6407849306367865e-07,0.9997370192921932,0.0009494437985097907,0.043114423751831055
3320,1.5861925359481567e-07,0.9997414312645222,0.0009335151784902669,0.04411482810974121
3330,1.5334165460195734e-07,0.9997457692181144,0.0009178537895971656,0.04411482810974121
3340,1.482396525212588e-07,0.9997500343947666,0.0009024551485497361,0.04411482810974121
3350,1.433074048709632e-07,0.999754228015442,0.000887314847282344,0.04411482810974121
3360,1.3853926356094087e-07,0.9997583512806206,0.0008724285516825571,0.04411482810974121
3370,1.339297684254587e-07,0.9997624053706419,0.0008577920003503943,0.04411482810974121
3380,1.2947364096978216e-07,0.9997663914460427,0.0008434010033784887,0.04411482810974121
3390,1.2516577832576108e-07,0.9997703106478903,0.0008292514411527098,0.045114755630493164
3400,1.210012474087239e-07,0.9997741640981083,0.0008153392631728403,0.045114755630493164
3410,1.169752792681604e-07,0.9997779528997979,0.000801660486893038,0.045114755630493164
3420,1.1308326362650991e-07,0.999781678137554,0.0007882111965818087,0.045114755630493164
3430,1.093207436002358e-07,0.9997853408777755,0.0007749875422010231,0.04562044143676758
3440,1.0568341059524226e-07,0.9997889421689703,0.0007619857383039218,0.04562044143676758
3450,1.0216709937395911e-07,0.9997924830420561,0.000749202062951298,0.04562044143676758
3460,9.876778328503537e-08,0.9997959645106549,0.000736632856646192,0.04562044143676758
3470,9.54815696522322e-08,0.999799387571383,0.0007242745212862461,0.04612588882446289
3480,9.23046953169358e-08,0.9998027532041373,0.0007121235191337537,0.04612588882446289
3490,8.923352232876078e-08,0.9998060623723748,0.0007001763718028389,0.04612588882446289
3500,8.626453377980524e-08,0.9998093160233891,0.0006884296592637742,0.04612588882446289
3510,8.339432977701972e-08,0.9998125150885806,0.0006768800188640204,0.04612588882446289
3520,8.061962354889523e-08,0.9998156604837246,0.000665524144365513,0.04612588882446289
3530,7.7937237682186e-08,0.9998187531092324,0.0006543587849982482,0.04612588882446289
3540,7.534410048240094e-08,0.9998217938504087,0.0006433807445297021,0.04713177680969238
3550,7.283724245717654e-08,0.9998247835777064,0.0006325868803498744,0.04713177680969238
3560,7.041379291549929e-08,0.9998277231469744,0.0006219741025717109,0.04713177680969238
3570,6.807097668010916e-08,0.9998306133997039,0.0006115393731465505,0.04713177680969238
3580,6.58061109097467e-08,0.9998334551632677,0.0006012797049944,0.04713177680969238
3590,6.361660202744356e-08,0.9998362492511584,0.0005911921611489113,0.04713177680969238
3600,6.14999427494285e-08,0.9998389964632213,0.000581273853916602,0.04713177680969238
3610,5.945370921492169e-08,0.9998416975858819,0.0005715219440501694,0.04713177680969238
3620,5.747555821029184e-08,0.9998443533923727,0.0005619336399358309,0.048131704330444336
3630,5.556322448501891e-08,0.9998469646429534,0.0005525061967941005,0.048131704330444336
3640,5.3714518158784095e-08,0.9998495320851293,0.0005432369158941049,0.048131704330444336
3650,5.1927322213070194e-08,0.9998520564538648,0.000534123143780987,0.048131704330444336
3660,5.019959006700344e-08,0.9998545384717941,0.0005251622715163406,0.048131704330444336
3670,4.852934323399974e-08,0.9998569788494277,0.0005163517339313925,0.048131704330444336
3680,4.691466905568492e-08,0.9998593782853562,0.0005076890088926628,0.048131704330444336
3690,4.535371851176533e-08,0.9998617374664499,0.0004991716165800003,0.048131704330444336
3700,4.384470410337511e-08,0.9998640570680559,0.0004907971187766576,0.048131704330444336
3710,4.2385897804779486e-08,0.999866337754191,0.0004825631181713331,0.048131704330444336
3720,4.097562908579565e-08,0.9998685801777318,0.00047446725767192585,0.048131704330444336
3730,3.9612282998310664e-08,0.999870784980602,0.0004665072197307399,0.048131704330444336
3740,3.829429832670761e-08,0.9998729527939554,0.0004586807256811488,0.0496370792388916
3750,3.70201658005618e-08,0.9998750842383578,0.0004509855350852084,0.0496370792388916
3760,3.578842636591058e-08,0.9998771799239631,0.000443419445092348,0.0496370792388916
3770,3.45976695147573e-08,0.9998792404506894,0.00043598028980877906,0.0496370792388916
3780,3.34465316696323e-08,0.9998812664083898,0.0004286659396774111,0.0496370792388916
3790,3.233369462205433e-08,0.9998832583770216,0.00042147430086830355,0.0496370792388916
3800,3.125788402336964e-08,0.9998852169268123,0.00041440331467928364,0.0496370792388916
3810,3.0217867925037826e-08,0.9998871426184228,0.0004074509569465686,0.0496370792388916
3820,2.9212455368210102e-08,0.999889036003108,0.0004006152374654004,0.0506434440612793
3830,2.824049501952267e-08,0.9998908976228744,0.0003938941994201693,0.0506434440612793
3840,2.7300873853113145e-08,0.9998927280106353,0.00038728591882442005,0.0506434440612793
3850,2.6392515875844857e-08,0.9998945276903637,0.00038078850397001,0.0506434440612793
3860,2.55143808951246e-08,0.9998962971772415,0.0003744000948855794,0.05114865303039551
3870,2.4665463327662124e-08,0.9998980369778082,0.0003681188628041671,0.05114865303039551
3880,2.384479104815168e-08,0.9998997475901047,0.0003619430096395648,0.05114865303039551
3890,2.3051424276054144e-08,0.9999014295038164,0.00035587076747175845,0.05114865303039551
3900,2.2284454499156908e-08,0.9999030832004135,0.0003499003980407437,0.05114865303039551
3910,2.1543003433433473e-08,0.999904709153289,0.00034403019224887675,0.05114865303039551
3920,2.0826222017285582e-08,0.999906307827893,0.0003382584696717301,0.05114865303039551
3930,2.0133289439083353e-08,0.9999078796818676,0.00033258357807703823,0.05114865303039551
3940,1.9463412197444024e-08,0.9999094251651767,0.00032700389295166495,0.0521547794342041
3950,1.881582319244431e-08,0.9999109447202356,0.00032151781703660813,0.0521547794342041
3960,1.818978084718327e-08,0.9999124387820372,0.0003161237798696822,0.0521547794342041
3970,1.7584568258503483e-08,0.9999139077782765,0.000310820237336064,0.0521547794342041
3980,1.6999492376292445e-08,0.9999153521294729,0.00030560567122624323,0.0521547794342041
3990,1.6433883209623025e-08,0.9999167722490917,0.0003004785888013479,0.0521547794342041
4000,1.588709305956308e-08,0.9999181685436604,0.00029543752236590206,0.0521547794342041
4010,1.535849577754783e-08,0.9999195414128874,0.0002904810288476696,0.0521547794342041
4020,1.484748604819519e-08,0.9999208912497746,0.0002856076893844566,0.053154706954956055
4030,1.4353478696373544e-08,0.9999222184407305,0.0002808161089180834,0.053154706954956055
4040,1.3875908016953396e-08,0.9999235233656814,0.0002761049157949828,0.053154706954956055
4050,1.3414227126908438e-08,0.9999248063981793,0.00027147276137350497,0.053154706954956055
4060,1.2967907339332184e-08,0.9999260679055093,0.0002669183196378842,0.053154706954956055
4070,1.2536437557647558e-08,0.9999273082487947,0.00026244028681865055,0.053154706954956055
4080,1.2119323690790065e-08,0.9999285277831004,0.00025803738101938447,0.053154706954956055
4090,1.1716088086939479e-08,0.999929726857534,0.0002537083418497771,0.053154706954956055
4100,1.132626898686926e-08,0.9999309058153466,0.00024945193006483914,0.05415463447570801
4110,1.0949419995092765e-08,0.9999320649940306,0.00024526692721014255,0.05415463447570801
4120,1.0585109568530804e-08,0.9999332047254162,0.00024115213527299122,0.05415463447570801
4130,1.0232920522532632e-08,0.999934325335767,0.00023710637633951375,0.05415463447570801
4140,9.892449553124444e-09,0.9999354271458721,0.00023312849225743166,0.05415463447570801
4150,9.563306774941271e-09,0.9999365104711396,0.00022921734430456084,0.05415463447570801
4160,9.24511527511082e-09,0.9999375756216857,0.00022537181286282792,0.05415463447570801
4170,8.937510681343803e-09,0.9999386229024237,0.00022159079709775816,0.05415463447570801
4180,8.640140744841714e-09,0.999939652613152,0.00021787321464334546,0.05515456199645996
4190,8.352664936824732e-09,0.9999406650486388,0.00021421800129221472,0.05515456199645996
4200,8.074754058651897e-09,0.9999416604987071,0.00021062411069091894,0.05515456199645996
4210,7.806089864885494e-09,0.9999426392483178,0.00020709051404052672,0.05515456199645996
4220,7.546364698631245e-09,0.9999436015776509,0.00020361619980208283,0.05565977096557617
4230,7.295281139533776e-09,0.9999445477621863,0.00020020017340691268,0.05565977096557617
4240,7.052551662988954e-09,0.9999454780727817,0.0001968414569720546,0.05565977096557617
4250,6.817898310983052e-09,0.9999463927757507,0.00019353908902029253,0.05565977096557617
4260,6.5910523736598514e-09,0.9999472921329393,0.00019029212420493266,0.05616450309753418
4270,6.371754081809868e-09,0.9999481764018004,0.0001870996330391372,0.05616450309753418
4280,6.159752309229476e-09,0.9999490458354678,0.00018396070162986008,0.05616450309753418
4290,5.954804285288556e-09,0.9999499006828286,0.00018087443141630305,0.05616450309753418
4300,5.7566753167608735e-09,0.999950741188594,0.00017783993891257326,0.05616450309753418
4310,5.565138519299525e-09,0.9999515675933697,0.00017485635545487778,0.05616450309753418
4320,5.379974557301282e-09,0.9999523801337253,0.00017192282695283024,0.05616450309753418
4330,5.2009713930332604e-09,0.9999531790422616,0.00016903851364488676,0.05717110633850098
4340,5.027924043720371e-09,0.9999539645476765,0.0001662025898580009,0.05717110633850098
4350,4.860634346732638e-09,0.9999547368748313,0.00016341424377129383,0.05717110633850098
4360,4.698910732803913e-09,0.9999554962448147,0.00016067267718368645,0.05717110633850098
4370,4.5425680064908235e-09,0.9999562428750071,0.00015797710528529462,0.05717110633850098
4380,4.391427134289568e-09,0.9999569769791407,0.00015532675643280773,0.05717110633850098
4390,4.245315039485655e-09,0.999957698767363,0.00015272087192865874,0.05717110633850098
4400,4.104064403953841e-09,0.999958408446295,0.00015015870580377226,0.05717110633850098
4410,3.967513476668289e-09,0.999959106219092,0.00014763952460406952,0.05817103385925293
4420,3.8355058883302485e-09,0.9999597922855008,0.00014516260718047317,0.05817103385925293
4430,3.7078904724553334e-09,0.999960466841917,0.00014272724448242895,0.05817103385925293
4440,3.5845210921309943e-09,0.9999611300814413,0.00014033273935497553,0.05817103385925293
4450,3.4652564727714387e-09,0.999961782193935,0.00013797840633919797,0.05817103385925293
4460,3.3499600402218375e-09,0.9999624233660735,0.00013566357147595792,0.05817103385925293
4470,3.238499764560868e-09,0.9999630537814012,0.0001333875721130481,0.05817103385925293
4480,3.1307480086494686e-09,0.9999636736203829,0.0001311497567154213,0.05817103385925293
4490,3.0265813822003836e-09,0.9999642830604556,0.00012894948467865114,0.05817103385925293
4500,2.9258806003432874e-09,0.9999648822760796,0.00012678612614561814,0.05817103385925293
4510,2.828530347075181e-09,0.9999654714387887,0.00012465906182618458,0.05817103385925293
4520,2.7344191432174928e-09,0.9999660507172381,0.00012256768281991586,0.05817103385925293
4530,2.6434392187207043e-09,0.999966620277254,0.0001205113904418052,0.0596771240234375
4540,2.5554863892811065e-09,0.9999671802818807,0.00011848959605083705,0.0596771240234375
4550,2.4704599370116867e-09,0.999967730891427,0.00011650172088148874,0.0596771240234375
4560,2.3882624951437597e-09,0.9999682722635119,0.00011454719587805423,0.0596771240234375
4570,2.3087999365173457e-09,0.9999688045531109,0.00011262546153179325,0.0596771240234375
4580,2.2319812657461758e-09,0.9999693279125984,0.00011073596772066502,0.0596771240234375
4590,2.157718515081979e-09,0.9999698424917933,0.00010887817355199975,0.0596771240234375
4600,2.085926643639231e-09,0.9999703484380006,0.00010705154720753292,0.0596771240234375
4610,2.0165234400347664e-09,0.9999708458960542,0.00010525556579122425,0.06074047088623047
4620,1.9494294282036885e-09,0.9999713350083581,0.0001034897151794883,0.06074047088623047
4630,1.8845677764673745e-09,0.9999718159149273,0.00010175348987409021,0.06074047088623047
4640,1.8218642094315624e-09,0.9999722887534275,0.00010004639285749043,0.06074047088623047
4650,1.7612469230874634e-09,0.9999727536592151,9.836793545048876e-05,0.061745643615722656
4660,1.7026465024126479e-09,0.9999732107653756,9.671763717233313e-05,0.061745643615722656
4670,1.6459958420197815e-09,0.9999736602027616,9.509502560319933e-05,0.061745643615722656
4680,1.591230069251464e-09,0.9999741021000306,9.349963624895846e-05,0.061745643615722656
4690,1.5382864699168756e-09,0.9999745365836814,9.19310124082294e-05,0.061745643615722656
4700,1.4871044164098548e-09,0.999974963778091,9.038870504158821e-05,0.06274628639221191
4710,1.4376252983714502e-09,0.9999753838055493,8.88722726430312e-05,0.06274628639221191
4720,1.3897924555430055e-09,0.9999757967862949,8.73812811136535e-05,0.06274628639221191
4730,1.3435511128461126e-09,0.9999762028385488,8.591530363730736e-05,0.06274628639221191
4740,1.298848317715005e-09,0.999976602078549,8.447392055845094e-05,0.06274628639221191
4750,1.2556328793621926e-09,0.9999769946205832,8.305671926202785e-05,0.06274628639221191
4760,1.2138553103162921e-09,0.9999773805770219,8.166329405531382e-05,0.06274628639221191
4770,1.173467769597471e-09,0.9999777600583499,8.029324605184142e-05,0.06374526023864746
4780,1.134424008014607e-09,0.9999781331731993,7.894618305718218e-05,0.06374526023864746
4790,1.0966793152089406e-09,0.9999785000283787,7.762171945662258e-05,0.06374526023864746
4800,1.0601904683658282e-09,0.9999788607289056,7.631947610487505e-05,0.06374526023864746
4810,1.0249156828597756e-09,0.9999792153780352,7.5039080217458e-05,0.06374526023864746
4820,9.908145642792256e-10,0.9999795640772906,7.37801652640361e-05,0.06374526023864746
4830,9.578480622528355e-10,0.9999799069264915,7.254237086346572e-05,0.06374526023864746
4840,9.25978425648134e-10,0.999980244023783,7.132534268062342e-05,0.06374526023864746
4850,8.95169159471011e-10,0.9999805754656637,7.012873232508067e-05,0.06374526023864746
4860,8.653849829080652e-10,0.9999809013470135,6.89521972511812e-05,0.06374526023864746
4870,8.36591789075145e-10,0.9999812217611199,6.77954006601228e-05,0.06374526023864746
4880,8.087566058771311e-10,0.9999815367997059,6.665801140350525e-05,0.06374526023864746
4890,7.818475582429879e-10,0.9999818465529553,6.553970388854825e-05,0.06525301933288574
4900,7.558338317212584e-10,0.9999821511095395,6.444015798487181e-05,0.06525301933288574
4910,7.306856370353547e-10,0.9999824505566415,6.335905893281092e-05,0.06525301933288574
4920,7.063741761400361e-10,0.999982744979982,6.229609725342224e-05,0.06525301933288574
4930,6.828716091042138e-10,0.9999830344638437,6.125096865981006e-05,0.06525301933288574
4940,6.601510223181939e-10,0.9999833190910952,6.022337396999701e-05,0.06525301933288574
4950,6.381863976493468e-10,0.9999835989432149,5.9213019021399876e-05,0.06525301933288574
4960,6.16952582640444e-10,0.9999838741003141,5.8219614586430114e-05,0.06626296043395996
4970,5.964252616793116e-10,0.9999841446411601,5.724287628987769e-05,0.06632876396179199
4980,5.765809282273306e-10,0.999984410643199,5.628252452744332e-05,0.06632876396179199
4990,5.573968578342864e-10,0.9999846721825775,5.5338284385649704e-05,0.06632876396179199
5000,5.388510821534493e-10,0.9999849293341644,5.4409885563196375e-05,0.06632876396179199
5010,5.209223637665527e-10,0.9999851821715728,5.3497062293596306e-05,0.06632876396179199
5020,5.035901718649505e-10,0.9999854307671809,5.259955326907539e-05,0.06632876396179199
5030,4.868346587538023e-10,0.9999856751921526,5.1717101565743046e-05,0.06632876396179199
5040,4.706366370997265e-10,0.9999859155164577,5.08494545700674e-05,0.06733250617980957
5050,4.549775579744006e-10,0.9999861518088922,4.999636390655448e-05,0.06733250617980957
5060,4.398394896321547e-10,0.9999863841370977,4.915758536668024e-05,0.06757569313049316
5070,4.252050969269668e-10,0.9999866125675818,4.8332878838932235e-05,0.06757569313049316
5080,4.110576215116588e-10,0.9999868371657353,4.752200824008723e-05,0.06757569313049316
5090,3.9738086260315474e-10,0.9999870579958526,4.672474144766358e-05,0.06757569313049316
5100,3.841591584751338e-10,0.9999872751211493,4.5940850233460945e-05,0.06757569313049316
5110,3.7137736848578445e-10,0.9999874886037802,4.5170110198183284e-05,0.06757569313049316
5120,3.590208557586797e-10,0.9999876985048577,4.4412300707283965e-05,0.06757569313049316
5130,3.4707547041651686e-10,0.9999879048844685,4.3667204827693246e-05,0.06757569313049316
5140,3.35527533378939e-10,0.999988107801692,4.2934609265844786e-05,0.06858348846435547
5150,3.243638207010219e-10,0.9999883073146156,4.221430430650451e-05,0.06858348846435547
5160,3.1357154842138563e-10,0.9999885034803526,4.150608375280795e-05,0.06858348846435547
5170,3.0313835793676783e-10,0.9999886963550582,4.0809744867207893e-05,0.06858348846435547
5180,2.930523018187486e-10,0.9999888859939451,4.0125088313428415e-05,0.06858348846435547
5190,2.833018301829145e-10,0.9999890724513001,3.945191809944692e-05,0.06858348846435547
5200,2.738757774264488e-10,0.9999892557804988,3.879004152134968e-05,0.06858348846435547
5210,2.647633494246993e-10,0.9999894360340221,3.813926910819419e-05,0.06858348846435547
5220,2.5595411123665956e-10,0.9999896132634699,3.74994145676598e-05,0.06858348846435547
5230,2.474379750864681e-10,0.9999897875195761,3.687029473290791e-05,0.06858348846435547
5240,2.3920518884986163e-10,0.999989958852224,3.6251729510055604e-05,0.06858348846435547
5250,2.3124632487216856e-10,0.99999012731046,3.564354182658623e-05,0.07009053230285645
5260,2.2355226917723532e-10,0.9999902929425074,3.504555758067795e-05,0.07009053230285645
5270,2.1611421103667375e-10,0.9999904557957807,3.445760559136712e-05,0.07009053230285645
5280,2.0892363285966861e-10,0.9999906159168986,3.387951754957862e-05,0.07009053230285645
5290,2.019723004793617e-10,0.999990773351698,3.3311127969968356e-05,0.07009053230285645
5300,1.9525225366618063e-10,0.9999909281452465,3.2752274143483014e-05,0.07009053230285645
5310,1.8875579706130184e-10,0.9999910803418564,3.220279609075858e-05,0.07009053230285645
5320,1.8247549135043567e-10,0.9999912299850955,3.1662536516338426e-05,0.07009053230285645
5330,1.764041447283807e-10,0.9999913771178012,3.113134076379975e-05,0.07109928131103516
5340,1.7053480468562378e-10,0.9999915217820923,3.060905677128788e-05,0.07109928131103516
5350,1.6486075003494662e-10,0.9999916640193808,3.0095535028069705e-05,0.07109928131103516
5360,1.5937548322109582e-10,0.999991803870384,2.9590628531746533e-05,0.07109928131103516
5370,1.540727228622837e-10,0.9999919413751363,2.9094192746102912e-05,0.07109928131103516
5380,1.489463965890885e-10,0.999992076573,2.860608555980503e-05,0.07109928131103516
5390,1.4399063406400476e-10,0.9999922095026776,2.8126167245652414e-05,0.07109928131103516
5400,1.3919976027141712e-10,0.9999923402022216,2.7654300420689827e-05,0.07109928131103516
5410,1.3456828900458488e-10,0.9999924687090469,2.7190350006769053e-05,0.0721738338470459
5420,1.3009091662024427e-10,0.9999925950599398,2.67341831919029e-05,0.0721738338470459
5430,1.2576251590516218e-10,0.9999927192910705,2.628566939228449e-05,0.0721738338470459
5440,1.2157813026402398e-10,0.9999928414380014,2.5844680214848754e-05,0.0721738338470459
5450,1.1753296800694706e-10,0.9999929615356988,2.5411089420585334e-05,0.0721738338470459
5460,1.1362239687511624e-10,0.9999930796185421,2.498477288838884e-05,0.0721738338470459
5470,1.0984193874216838e-10,0.9999931957203342,2.4565608579527267e-05,0.0721738338470459
5480,1.0618726447029109e-10,0.999993309874311,2.415347650262511e-05,0.07321405410766602
5490,1.0265418896127909e-10,0.9999934221131505,2.3748258679319725e-05,0.07321405410766602
5500,9.92386663696095e-11,0.9999935324689823,2.3349839110697097e-05,0.07321405410766602
5510,9.593678546063551e-11,0.9999936409733974,2.295810374382656e-05,0.07321405410766602
5520,9.274476512751749e-11,0.9999937476574566,2.2572940439296143e-05,0.07321405410766602
5530,8.965895008162316e-11,0.9999938525516997,2.2194238938933026e-05,0.07321405410766602
5540,8.667580664977767e-11,0.999993955686154,2.182189083444154e-05,0.07321405410766602
5550,8.3791918728244e-11,0.9999940570903431,2.145578953624939e-05,0.07321405410766602
5560,8.100398387072183e-11,0.9999941567932953,2.1095830242971243e-05,0.07421469688415527
5570,7.830880952210158e-11,0.9999942548235521,2.074190991146686e-05,0.07421469688415527
5580,7.570330934098313e-11,0.9999943512091758,2.039392722730916e-05,0.07421469688415527
5590,7.318449967241855e-11,0.9999944459777579,2.005178257584296e-05,0.07421469688415527
5600,7.074949614467213e-11,0.9999945391564274,1.9715378013622012e-05,0.07421469688415527
5610,6.839551035353991e-11,0.9999946307718578,1.9384617240380334e-05,0.07421469688415527
5620,6.611984665912972e-11,0.9999947208502753,1.9059405571460034e-05,0.07421469688415527
5630,6.391989912110282e-11,0.9999948094174661,1.8739649910699664e-05,0.07421469688415527
5640,6.179314850623807e-11,0.9999948964987836,1.8425258723760007e-05,0.07521438598632812
5650,5.973715939267219e-11,0.9999949821191559,1.8116142012022287e-05,0.07521438598632812
5660,5.774957740120556e-11,0.9999950663030933,1.7812211286711077e-05,0.07521438598632812
5670,5.5828126474894994e-11,0.9999951490746942,1.7513379543634084e-05,0.07521438598632812
5680,5.397060629784836e-11,0.9999952304576535,1.7219561238194132e-05,0.07521438598632812
5690,5.217488975935193e-11,0.9999953104752679,1.6930672260993986e-05,0.07521438598632812
5700,5.0438920515835994e-11,0.9999953891504435,1.6646629913730338e-05,0.07521438598632812
5710,4.8760710650391214e-11,0.999995466505702,1.6367352885525605e-05,0.07521438598632812
5720,4.713833838745977e-11,0.9999955425631876,1.6092761229619454e-05,0.07635760307312012
5730,4.556994589122159e-11,0.9999956173446727,1.5822776340505783e-05,0.07635760307312012
5740,4.4053737139587347e-11,0.9999956908715645,1.555732093136187e-05,0.07635760307312012
5750,4.258797586793629e-11,0.9999957631649109,1.5296319012103714e-05,0.07635760307312012
5760,4.117098358377299e-11,0.9999958342454071,1.5039695867439588e-05,0.07635760307312012
5770,3.980113763493632e-11,0.9999959041334004,1.4787378035616809e-05,0.07635760307312012
5780,3.8476869369123475e-11,0.9999959728488977,1.4539293287301752e-05,0.07635760307312012
5790,3.7196662320033565e-11,0.9999960404115694,1.4295370604898166e-05,0.07635760307312012
5800,3.5959050470576296e-11,0.9999961068407565,1.4055540162299379e-05,0.07741975784301758
5810,3.476261659137454e-11,0.9999961721554746,1.3819733304864752e-05,0.07741975784301758
5820,3.3605990607798245e-11,0.9999962363744215,1.358788252981003e-05,0.07741975784301758
5830,3.2487848023662846e-11,0.9999962995159808,1.3359921466698515e-05,0.07741975784301758
5840,3.140690841446797e-11,0.9999963615982272,1.3135784858624993e-05,0.07741975784301758
5850,3.036193396029186e-11,0.9999964226389327,1.2915408543559554e-05,0.07741975784301758
5860,2.9351728018979895e-11,0.9999964826555711,1.2698729435848604e-05,0.07741975784301758
5870,2.837513377400747e-11,0.9999965416653228,1.2485685508190184e-05,0.07842302322387695
5880,2.7431032892483546e-11,0.9999965996850805,1.2276215773957435e-05,0.07842302322387695
5890,2.651834424760348e-11,0.9999966567314525,1.2070260269624215e-05,0.07842302322387695
5900,2.5636022689112616e-11,0.9999967128207695,1.1867760037751146e-05,0.07842302322387695
5910,2.478305784183796e-11,0.9999967679690879,1.1668657109929933e-05,0.07842302322387695
5920,2.395847294366821e-11,0.9999968221921945,1.1472894490264125e-05,0.07842302322387695
5930,2.3161323733579648e-11,0.9999968755056114,1.1280416139117684e-05,0.07842302322387695
5940,2.2390697367307003e-11,0.9999969279246004,1.1091166957002081e-05,0.07842302322387695
5950,2.164571137749118e-11,0.9999969794641667,1.0905092768824459e-05,0.0794229507446289
5960,2.0925512650508495e-11,0.9999970301390647,1.0722140308387587e-05,0.0794229507446289
5970,2.0229276461362542e-11,0.9999970799638005,1.0542257203074116e-05,0.0794229507446289
5980,1.9556205528574122e-11,0.9999971289526369,1.0365391959017538e-05,0.0794229507446289
5990,1.890552909182887e-11,0.999997177119598,1.0191493946171918e-05,0.0794229507446289
6000,1.82765020427453e-11,0.9999972244784721,1.0020513383932288e-05,0.0794229507446289
6010,1.766840405469658e-11,0.9999972710428162,9.852401326811427e-06,0.0794229507446289
6020,1.708053877838734e-11,0.9999973168259603,9.687109650487919e-06,0.08042287826538086
6030,1.651223302573653e-11,0.9999973618410097,9.524591038045155e-06,0.08042287826538086
6040,1.5962836010109974e-11,0.9999974061008513,9.36479896639731e-06,0.08042287826538086
6050,1.5431718599647907e-11,0.9999974496181547,9.207687692919134e-06,0.08042287826538086
6060,1.4918272593094548e-11,0.9999974924053776,9.053212242423062e-06,0.08042287826538086
6070,1.4421910021926136e-11,0.999997534474768,8.90132839421798e-06,0.08042287826538086
6080,1.3942062487818766e-11,0.9999975758383691,8.751992669584156e-06,0.08042287826538086
6090,1.3478180498045978e-11,0.9999976165080217,8.6051623191904e-06,0.08042287826538086
6100,1.3029732846961281e-11,0.9999976564953681,8.46079531086608e-06,0.08042287826538086
6110,1.2596205998732744e-11,0.9999976958118553,8.318850317634244e-06,0.08159613609313965
6120,1.217710350956178e-11,0.9999977344687377,8.179286705841562e-06,0.08159613609313965
6130,1.1771945448216567e-11,0.9999977724770819,8.042064523583139e-06,0.08159613609313965
6140,1.1380267854471065e-11,0.999997809847768,7.907144489157972e-06,0.08210372924804688
6150,1.10016222068235e-11,0.9999978465914939,7.774487979928972e-06,0.08210372924804688
6160,1.063557490173245e-11,0.9999978827187779,7.644057021215401e-06,0.08210372924804688
6170,1.0281706766659886e-11,0.9999979182399621,7.51581427544157e-06,0.08210372924804688
6180,9.939612575090253e-12,0.9999979531652149,7.389723031372089e-06,0.08210372924804688
6190,9.608900583337624e-12,0.9999979875045341,7.265747193730413e-06,0.08210372924804688
6200,9.28919208098131e-12,0.9999980212677494,7.14385127277384e-06,0.08210372924804688
6210,8.980120958301557e-12,0.9999980544645265,7.0240003742015895e-06,0.08210372924804688
6220,8.681333287651261e-12,0.9999980871043681,6.9061601891046166e-06,0.0831754207611084
6230,8.392486916473668e-12,0.9999981191966182,6.7902969841237e-06,0.0831754207611084
6240,8.113251076836075e-12,0.999998150750463,6.676377591893989e-06,0.0831754207611084
6250,7.843306004758795e-12,0.9999981817749357,6.564369401507286e-06,0.0831754207611084
6260,7.582342579434105e-12,0.9999982122789174,6.45424034908626e-06,0.0831754207611084
6270,7.33006196025687e-12,0.99999824227114,6.345958908757887e-06,0.0831754207611084
6280,7.086175251778317e-12,0.9999982717601895,6.239494083482122e-06,0.0831754207611084
6290,6.850403171287321e-12,0.9999983007545074,6.134815396302007e-06,0.0831754207611084
6300,6.622475728516262e-12,0.9999983292623934,6.031892881575573e-06,0.08419227600097656
6310,6.402131915231219e-12,0.9999983572920089,5.930697076349412e-06,0.08419227600097656
6320,6.1891194078222745e-12,0.9999983848513772,5.831199011964939e-06,0.08419227600097656
6330,5.983194277961553e-12,0.9999984119483877,5.733370205846744e-06,0.08419227600097656
6340,5.784120714592235e-12,0.9999984385907976,5.637182653133733e-06,0.08419227600097656
6350,5.591670750127045e-12,0.9999984647862332,5.542608818831173e-06,0.08419227600097656
6360,5.405624004333531e-12,0.9999984905421934,5.4496216299840785e-06,0.08419227600097656
6370,5.225767428264011e-12,0.9999985158660514,5.358194467771968e-06,0.08520960807800293
6380,5.051895063060388e-12,0.9999985407650561,5.268301159930487e-06,0.08520960807800293
6390,4.883807799387612e-12,0.9999985652463356,5.1799159733093555e-06,0.08520960807800293
6400,4.721313155615716e-12,0.9999985893168977,5.093013606477403e-06,0.08520960807800293
6410,4.564225052600524e-12,0.9999986129836331,5.007569182481686e-06,0.08520960807800293
6420,4.412363604460872e-12,0.9999986362533165,4.923558241708315e-06,0.08520960807800293
6430,4.265554909305168e-12,0.9999986591326093,4.840956734937786e-06,0.08520960807800293
6440,4.123630850396641e-12,0.999998681628061,4.759741016356345e-06,0.08520960807800293
6450,3.986428905994187e-12,0.9999987037461114,4.679887836903095e-06,0.08621835708618164
6460,3.8537919611223576e-12,0.9999987254930919,4.601374337524276e-06,0.08621835708618164
6470,3.725568128931614e-12,0.9999987468752277,4.52417804267402e-06,0.08621835708618164
6480,3.6016105753688757e-12,0.9999987678986398,4.448276853923015e-06,0.08621835708618164
6490,3.481777352277634e-12,0.9999987885693468,4.373649043532099e-06,0.08621835708618164
6500,3.3659312350658113e-12,0.9999988088932653,4.300273248322492e-06,0.08621835708618164
6510,3.253939564135256e-12,0.9999988288762139,4.228128463490075e-06,0.08621835708618164
6520,3.1456740933936075e-12,0.9999988485239127,4.157194036617293e-06,0.08621835708618164
6530,3.0410108446014254e-12,0.9999988678419861,4.087449661793415e-06,0.08735346794128418
6540,2.9398299637533616e-12,0.9999988868359643,4.018875373760551e-06,0.08735346794128418
6550,2.8420155857028418e-12,0.9999989055112845,3.951451542236414e-06,0.08735346794128418
6560,2.7474556992657165e-12,0.9999989238732927,3.88515886622198e-06,0.08735346794128418
6570,2.6560420213560533e-12,0.9999989419272455,3.819978368567621e-06,0.08786463737487793
6580,2.5676698691105985e-12,0.9999989596783108,3.7558913904548446e-06,0.08786463737487793
6590,2.4822380470343085e-12,0.9999989771315702,3.692879586176477e-06,0.08786463737487793
6600,2.3996487224086243e-12,0.9999989942920199,3.630924917760068e-06,0.08786463737487793
6610,2.3198073200907526e-12,0.9999990111645721,3.5700096498795225e-06,0.08786463737487793
6620,2.2426224097194834e-12,0.9999990277540574,3.510116344712542e-06,0.08786463737487793
6630,2.1680056060552033e-12,0.9999990440652241,3.451227856999248e-06,0.08786463737487793
6640,2.0958714608686347e-12,0.999999060102742,3.3933273291252263e-06,0.08887481689453125
6650,2.0261373726251073e-12,0.9999990758712016,3.3363981863218076e-06,0.08893632888793945
6660,1.958723484765152e-12,0.9999990913751172,3.2804241318077335e-06,0.08893632888793945
6670,1.8935525998429104e-12,0.999999106618927,3.2253891422763228e-06,0.08893632888793945
6680,1.8305500889924654e-12,0.9999991216069943,3.1712774632449684e-06,0.08893632888793945
6690,1.769643804595497e-12,0.9999991363436102,3.118073604523651e-06,0.08893632888793945
6700,1.7107640020879668e-12,0.9999991508329926,3.0657623358113494e-06,0.08893632888793945
6710,1.653843255281952e-12,0.9999991650792899,3.0143286823350864e-06,0.08893632888793945
6720,1.5988163824653747e-12,0.99999917908658,2.9637579205218347e-06,0.08995294570922852
6730,1.5456203702902182e-12,0.9999991928588727,2.9140355737916604e-06,0.08995294570922852
6740,1.4941943025383073e-12,0.9999992064001105,2.865147408488531e-06,0.08995294570922852
6750,1.4444792889523578e-12,0.9999992197141699,2.8170794297165385e-06,0.08995294570922852
6760,1.3964183990386147e-12,0.9999992328048621,2.7698178773550835e-06,0.09047269821166992
6770,1.3499565971126773e-12,0.9999992456759346,2.7233492221544453e-06,0.09047269821166992
6780,1.3050406781447148e-12,0.9999992583310716,2.6776601618699863e-06,0.09047269821166992
6790,1.2616192069103098e-12,0.9999992707738962,2.6327376173714813e-06,0.09047269821166992
6800,1.2196424597215e-12,0.9999992830079699,2.5885687289944867e-06,0.09047269821166992
6810,1.1790623684585953e-12,0.9999992950367952,2.5451408528721606e-06,0.09047269821166992
6820,1.1398324627796557e-12,0.9999993068638154,2.5024415571382996e-06,0.09047269821166992
6830,1.1019078192999568e-12,0.9999993184924162,2.460458618564252e-06,0.09047269821166992
6840,1.0652450089014785e-12,0.9999993299259264,2.4191800189595755e-06,0.09148216247558594
6850,1.0298020481683165e-12,0.999999341167619,2.378593941765426e-06,0.09148216247558594
6860,9.955383496047437e-13,0.9999993522207121,2.338688768699469e-06,0.09148216247558594
6870,9.6241467709091e-13,0.9999993630883697,2.2994530763945626e-06,0.09148216247558594
6880,9.303930998051953e-13,0.999999373773703,2.2608756330823026e-06,0.09148216247558594
6890,8.994369480275282e-13,0.9999993842797704,2.22294539548795e-06,0.09148216247558594
6900,8.69510773117717e-13,0.99999939460958,2.1856515055623776e-06,0.09148216247558594
6910,8.405803055641377e-13,0.9999994047660885,2.1489832874000945e-06,0.09248185157775879
6920,8.12612415990237e-13,0.9999994147522033,2.11293024425718e-06,0.09248185157775879
6930,7.855750772300746e-13,0.9999994245707831,2.077482055491961e-06,0.09248185157775879
6940,7.59437327998024e-13,0.9999994342246388,2.0426285736011545e-06,0.09248185157775879
6950,7.341692375411559e-13,0.9999994437165336,2.0083598212684548e-06,0.09248185157775879
6960,7.097418699882532e-13,0.9999994530491849,1.9746659886400437e-06,0.09248185157775879
6970,6.861272524327776e-13,0.9999994622252645,1.941537430376726e-06,0.09248185157775879
6980,6.632983435217241e-13,0.9999994712473987,1.908964663006273e-06,0.09248185157775879
6990,6.412290010810004e-13,0.9999994801181705,1.8769383621269885e-06,0.09348201751708984
7000,6.198939521030846e-13,0.9999994888401191,1.8454493598115668e-06,0.09348201751708984
7010,5.992687656621784e-13,0.9999994974157416,1.8144886419203516e-06,0.09348201751708984
7020,5.793298225962007e-13,0.9999995058474926,1.7840473455003043e-06,0.09348201751708984
7030,5.600542906515963e-13,0.9999995141377859,1.7541167563362978e-06,0.09348201751708984
7040,5.414200966217956e-13,0.9999995222889947,1.7246883063847238e-06,0.09348201751708984
7050,5.234059017706702e-13,0.9999995303034522,1.6957535713927314e-06,0.09348201751708984
7060,5.059910772004513e-13,0.999999538183453,1.6673042684055549e-06,0.09348201751708984
7070,4.891556808839107e-13,0.9999995459312525,1.6393322534532506e-06,0.09453225135803223
7080,4.728804340996521e-13,0.9999995535490691,1.6118295191117618e-06,0.09453225135803223
7090,4.571466989540808e-13,0.9999995610390828,1.5847881923806149e-06,0.09453225135803223
7100,4.419364585660494e-13,0.9999995684034383,1.558200532375431e-06,0.09453225135803223
7110,4.272322953543253e-13,0.9999995756442436,1.5320589279635973e-06,0.09504079818725586
7120,4.130173705111933e-13,0.9999995827635713,1.5063558957876251e-06,0.09504079818725586
7130,3.9927540675974775e-13,0.9999995897634596,1.4810840780242746e-06,0.09504079818725586
7140,3.859906671041292e-13,0.9999995966459122,1.4562362402578132e-06,0.09504079818725586
7150,3.7314793918590077e-13,0.9999996034128995,1.4318052694416438e-06,0.09504079818725586
7160,3.607325156335266e-13,0.9999996100663582,1.4077841719292163e-06,0.09504079818725586
7170,3.487301796702701e-13,0.9999996166081935,1.3841660713366233e-06,0.09504079818725586
7180,3.3712718704054286e-13,0.9999996230402776,1.3609442066432328e-06,0.09605026245117188
7190,3.2591025036261224e-13,0.999999629364452,1.3381119303509376e-06,0.09605026245117188
7200,3.150665251263704e-13,0.9999996355825271,1.3156627063738433e-06,0.09605026245117188
7210,3.0458359379513966e-13,0.9999996416962829,1.2935901083294116e-06,0.09605026245117188
7220,2.944494516751346e-13,0.9999996477074693,1.2718878176426469e-06,0.09605026245117188
7230,2.8465249367752525e-13,0.9999996536178074,1.2505496217586337e-06,0.09605026245117188
7240,2.751815015687191e-13,0.999999659428989,1.2295694123279905e-06,0.09605026245117188
7250,2.6602562925686205e-13,0.9999996651426777,1.2089411834544922e-06,0.09605026245117188
7260,2.57174392390989e-13,0.9999996707605089,1.1886590300554938e-06,0.09605026245117188
7270,2.4861765474481307e-13,0.9999996762840909,1.168717146145081e-06,0.09605026245117188
7280,2.4034561805441676e-13,0.999999681715005,1.1491098230510525e-06,0.09733009338378906
7290,2.323488097286375e-13,0.9999996870548058,1.1298314479134535e-06,0.09733009338378906
7300,2.246180719798911e-13,0.9999996923050218,1.1108765020325643e-06,0.09733009338378906
7310,2.17144552380562e-13,0.9999996974671561,1.0922395593261354e-06,0.09733009338378906
7320,2.099196926022731e-13,0.9999997025426863,1.0739152847182295e-06,0.09733009338378906
7330,2.0293521913221364e-13,0.9999997075330657,1.055898432612889e-06,0.09733009338378906
7340,1.9618313399651435e-13,0.9999997124397221,1.0381838454637245e-06,0.09733009338378906
7350,1.896557049970571e-13,0.9999997172640608,1.020766452248023e-06,0.09833025932312012
7360,1.8334545733148604e-13,0.9999997220074627,1.0036412669559567e-06,0.09833025932312012
7370,1.7724516511330212e-13,0.9999997266712852,9.868033873009492e-07,0.09833025932312012
7380,1.7134784261866453e-13,0.9999997312568638,9.702479932697236e-07,0.09833025932312012
7390,1.656467364948227e-13,0.9999997357655113,9.539703456270528e-07,0.09833025932312012
7400,1.601353180761203e-13,0.9999997401985181,9.379657846549922e-07,0.09833025932312012
7410,1.5480727658846462e-13,0.9999997445571531,9.222297288485888e-07,0.09833025932312012
7420,1.4965651006809705e-13,0.9999997488426643,9.067576736004887e-07,0.09833025932312012
7430,1.4467712059023806e-13,0.9999997530562783,8.91545189805609e-07,0.09933066368103027
7440,1.39863405989994e-13,0.9999997571992015,8.765879226385607e-07,0.09933066368103027
7450,1.3520985379748042e-13,0.9999997612726197,8.618815904265496e-07,0.09933066368103027
7460,1.307111352275937e-13,0.9999997652776991,8.47421983272256e-07,0.09933066368103027
7470,1.2636209845428532e-13,0.999999769215586,8.332049619214075e-07,0.09933066368103027
7480,1.2215776352031287e-13,0.9999997730874078,8.192264565672901e-07,0.09933066368103027
7490,1.180933156598199e-13,0.9999997768942731,8.054824656388293e-07,0.09933066368103027
7500,1.141641005965064e-13,0.999999780637271,7.919690548000568e-07,0.09933066368103027
7510,1.1036561866598734e-13,0.9999997843174737,7.786823556218402e-07,0.09933066368103027
7520,1.0669352048563741e-13,0.9999997879359342,7.656185646213176e-07,0.09933066368103027
7530,1.0314360087481376e-13,0.9999997914936888,7.527739421170354e-07,0.09933066368103027
7540,9.971179443854972e-14,0.9999997949917555,7.401448111600264e-07,0.09933066368103027
7550,9.63941715269014e-14,0.999999798431136,7.277275564879784e-07,0.10089993476867676
7560,9.318693302168123e-14,0.9999998018128146,7.155186235149327e-07,0.10089993476867676
7570,9.008640616553695e-14,0.9999998051377594,7.035145172676895e-07,0.10089993476867676
7580,8.70890402986183e-14,0.9999998084069226,6.917118013861635e-07,0.10089993476867676
7590,8.419140326880992e-14,0.9999998116212395,6.801070972001223e-07,0.10089993476867676
7600,8.139017672041044e-14,0.9999998147816308,6.686970826940144e-07,0.10089993476867676
7610,7.868215293131193e-14,0.9999998178890006,6.574784915877042e-07,0.10089993476867676
7620,7.606423073887316e-14,0.9999998209442387,6.46448112434528e-07,0.10089993476867676
7630,7.353341248637243e-14,0.9999998239482198,6.356027876647242e-07,0.10190296173095703
7640,7.108679993977095e-14,0.9999998269018037,6.249394126266463e-07,0.10190296173095703
7650,6.872159132821316e-14,0.9999998298058359,6.144549348069409e-07,0.10190296173095703
7660,6.643507823820442e-14,0.9999998326611478,6.041463528824178e-07,0.10190296173095703
7670,6.422464219567425e-14,0.9999998354685568,5.940107158696199e-07,0.10190296173095703
7680,6.208775217828415e-14,0.9999998382288663,5.840451223134704e-07,0.10190296173095703
7690,6.002196102059446e-14,0.9999998409428668,5.742467194750357e-07,0.10190296173095703
7700,5.802490307407368e-14,0.9999998436113349,5.646127023967163e-07,0.10290241241455078
7710,5.609429139473015e-14,0.9999998462350349,5.551403132103562e-07,0.10290241241455078
7720,5.42279153879462e-14,0.9999998488147176,5.458268403050195e-07,0.10290241241455078
7730,5.242363765381667e-14,0.9999998513511216,5.366696175573839e-07,0.10290241241455078
7740,5.067939198888669e-14,0.9999998538449727,5.27666023609208e-07,0.10290241241455078
7750,4.899318120315578e-14,0.9999998562969848,5.1881348110705e-07,0.10290241241455078
7760,4.736307407547291e-14,0.9999998587078603,5.101094558682685e-07,0.10290241241455078
7770,4.5787204162385835e-14,0.9999998610782889,5.01551456229543e-07,0.10290241241455078
7780,4.4263766805788986e-14,0.9999998634089494,4.931370323687512e-07,0.10390257835388184
7790,4.2791017367651875e-14,0.999999865700509,4.848637755184847e-07,0.10390257835388184
7800,4.136726953219431e-14,0.9999998679536234,4.767293173820742e-07,0.10390257835388184
7810,3.999089269809006e-14,0.9999998701689378,4.687313293688656e-07,0.10390257835388184
7820,3.866031090756955e-14,0.9999998723470864,4.6086752190499523e-07,0.10390257835388184
7830,3.7374000348733415e-14,0.9999998744886927,4.531356439098079e-07,0.10390257835388184
7840,3.613048811589165e-14,0.9999998765943696,4.4553348200226954e-07,0.10390257835388184
7850,3.492835006478926e-14,0.99999987866472,4.3805885998360344e-07,0.10390257835388184
7860,3.376620981208203e-14,0.9999998807003366,4.307096381289678e-07,0.10390257835388184
7870,3.264273641894176e-14,0.9999998827018021,4.234837126358971e-07,0.10390257835388184
7880,3.1556643357711974e-14,0.9999998846696896,4.1637901497593177e-07,0.10390257835388184
7890,3.0506686927229435e-14,0.999999886604562,4.093935113235193e-07,0.10390257835388184
7900,2.949166473407187e-14,0.9999998885069736,4.02525202005788e-07,0.1054086685180664
7910,2.8510414482660756e-14,0.9999998903774687,3.957721208786014e-07,0.1054086685180664
7920,2.7561812523986745e-14,0.999999892216583,3.891323347829934e-07,0.1054086685180664
7930,2.6644772538227568e-14,0.9999998940248428,3.826039430007145e-07,0.10594034194946289
7940,2.5758244465172147e-14,0.9999998958027659,3.761850766724751e-07,0.10594034194946289
7950,2.490121299142181e-14,0.9999998975508612,3.698738983090034e-07,0.10594034194946289
7960,2.4072696879592474e-14,0.999999899269629,3.636686012612467e-07,0.10594034194946289
7970,2.3271747134463682e-14,0.9999999009595614,3.5756740917813893e-07,0.10594034194946289
7980,2.2497446802807172e-14,0.9999999026211421,3.515685755163256e-07,0.10594034194946289
7990,2.174890898169338e-14,0.9999999042548466,3.456703830592157e-07,0.10594034194946289
8000,2.1025276674864993e-14,0.9999999058611432,3.3987114334810286e-07,0.10594034194946289
8010,2.0325721107694752e-14,0.999999907440491,3.341691962633898e-07,0.1069493293762207
8020,1.9649441310225038e-14,0.9999999089933426,3.285629095538535e-07,0.10709762573242188
8030,1.899566266702856e-14,0.9999999105201421,3.230506783512556e-07,0.10709762573242188
8040,1.8363636691293656e-14,0.9999999120213271,3.176309247076016e-07,0.10709762573242188
8050,1.7752639574329423e-14,0.9999999134973268,3.1230209711730093e-07,0.10709762573242188
8060,1.716197155967175e-14,0.9999999149485642,3.070626701690006e-07,0.10709762573242188
8070,1.6590956372978996e-14,0.9999999163754543,3.0191114395317094e-07,0.10709762573242188
8080,1.603894010695534e-14,0.9999999177784059,2.968460438356193e-07,0.10709762573242188
8090,1.5505290513697283e-14,0.9999999191578205,2.9186591980112667e-07,0.10709762573242188
8100,1.4989396632706267e-14,0.9999999205140927,2.869693462900228e-07,0.10810565948486328
8110,1.4490667595284615e-14,0.9999999218476111,2.821549215804579e-07,0.10810565948486328
8120,1.400853235947743e-14,0.9999999231587573,2.7742126747754044e-07,0.10810565948486328
8130,1.3542438771460965e-14,0.9999999244479069,2.7276702891365674e-07,0.10810565948486328
8140,1.3091853128298658e-14,0.9999999257154286,2.6819087349461177e-07,0.10810565948486328
8150,1.2656259421244234e-14,0.9999999269616853,2.6369149127403206e-07,0.10810565948486328
8160,1.2235158792278531e-14,0.9999999281870338,2.592675942706404e-07,0.10810565948486328
8170,1.182806912552259e-14,0.9999999293918249,2.5491791607079615e-07,0.10810565948486328
8180,1.143452415145175e-14,0.9999999305764034,2.506412115016456e-07,0.10910606384277344
8190,1.10540732736576e-14,0.9999999317411088,2.464362563091573e-07,0.10910606384277344
8200,1.0686280808282926e-14,0.9999999328862739,2.423018467277995e-07,0.10910606384277344
8210,1.0330725609076113e-14,0.9999999340122268,2.3823679931223038e-07,0.10910606384277344
8220,9.987000472315115e-15,0.9999999351192899,2.3423995034221885e-07,0.10910606384277344
8230,9.654711742173644e-15,0.9999999362077799,2.303101556832e-07,0.10910606384277344
8240,9.333479023975852e-15,0.9999999372780087,2.264462903790455e-07,0.10910606384277344
8250,9.022934385408856e-15,0.9999999383302823,2.2264724832965495e-07,0.11010575294494629
8260,8.722722211029898e-15,0.9999999393649024,2.1891194200895925e-07,0.11010575294494629
8270,8.43249876481658e-15,0.9999999403821646,2.15239302159831e-07,0.11010575294494629
8280,8.151931613562327e-15,0.9999999413823605,2.1162827745835342e-07,0.11010575294494629
8290,7.880699575267037e-15,0.9999999423657765,2.080778341261303e-07,0.11010575294494629
8300,7.618491976991024e-15,0.9999999433326937,2.0458695582992188e-07,0.11010575294494629
8310,7.36500861336392e-15,0.9999999442833893,2.0115464328462902e-07,0.11010575294494629
8320,7.119959138203365e-15,0.9999999452181353,1.9777991390290686e-07,0.11010575294494629
8330,6.8830629954197976e-15,0.9999999461371991,1.9446180165483278e-07,0.11118388175964355
8340,6.654048882519753e-15,0.9999999470408439,1.911993567073056e-07,0.11118388175964355
8350,6.432654557863633e-15,0.9999999479293288,1.879916451082986e-07,0.11118388175964355
8360,6.2186265024158326e-15,0.9999999488029075,1.8483774859190394e-07,0.11118388175964355
8370,6.011719636794782e-15,0.9999999496618305,1.8173676433141943e-07,0.11118388175964355
8380,5.811696958353134e-15,0.9999999505063434,1.786878046520224e-07,0.11118388175964355
8390,5.618329470205988e-15,0.9999999513366881,1.7568999673500677e-07,0.11118388175964355
8400,5.431395744204369e-15,0.9999999521531022,1.727424824130575e-07,0.11218690872192383
8410,5.250681697540692e-15,0.9999999529558196,1.698444179384363e-07,0.11218690872192383
8420,5.075980382276645e-15,0.99999995374507,1.66994973687662e-07,0.11218690872192383
8430,4.907091740858447e-15,0.9999999545210794,1.6419333393769005e-07,0.11218690872192383
8440,4.743822377703587e-15,0.9999999552840697,1.6143869672025083e-07,0.11218690872192383
8450,4.585985366290933e-15,0.9999999560342595,1.5873027346746674e-07,0.11218690872192383
8460,4.4333999006539e-15,0.9999999567718636,1.5606728886574663e-07,0.11218690872192383
8470,4.2858912763320205e-15,0.999999957497093,1.534489805706807e-07,0.11218690872192383
8480,4.143290570027852e-15,0.9999999582101553,1.5087459911733437e-07,0.11318683624267578
8490,4.0054344970443686e-15,0.9999999589112547,1.483434075290058e-07,0.11318683624267578
8500,3.87216522214164e-15,0.9999999596005921,1.4585468123062832e-07,0.11318683624267578
8510,3.743330059994702e-15,0.9999999602783646,1.434077077276941e-07,0.11318683624267578
8520,3.618781540839665e-15,0.9999999609447661,1.4100178660891864e-07,0.11318683624267578
8530,3.4983770012256946e-15,0.9999999615999876,1.3863622912302368e-07,0.11318683624267578
8540,3.381978580710732e-15,0.9999999622442165,1.3631035810990346e-07,0.11318683624267578
8550,3.2694529605630804e-15,0.9999999628776375,1.34023507733283e-07,0.11318683624267578
8560,3.160671333341535e-15,0.9999999635004316,1.3177502335148808e-07,0.11418604850769043
8570,3.0555090926915776e-15,0.9999999641127771,1.295642613309278e-07,0.11418604850769043
8580,2.953845833375325e-15,0.9999999647148495,1.273905888244942e-07,0.11418604850769043
8590,2.8555651050271874e-15,0.9999999653068211,1.252533835903735e-07,0.11418604850769043
8600,2.7605544192830637e-15,0.9999999658888614,1.2315203377266656e-07,0.11418604850769043
8610,2.6687049102486396e-15,0.9999999664611368,1.2108593785209448e-07,0.11418604850769043
8620,2.579911451564274e-15,0.9999999670238113,1.1905450441196393e-07,0.11418604850769043
8630,2.4940723212620077e-15,0.9999999675770459,1.1705715188059512e-07,0.11518621444702148
8640,2.4110892429004708e-15,0.9999999681209991,1.1509330853753935e-07,0.11518621444702148
8650,2.3308671864564298e-15,0.9999999686558265,1.1316241214498474e-07,0.11518621444702148
8660,2.253314280430924e-15,0.9999999691816812,1.1126390998728025e-07,0.11518621444702148
8670,2.1783417516425105e-15,0.9999999696987136,1.0939725860137356e-07,0.11518621444702148
8680,2.105863678770409e-15,0.999999970207072,1.0756192365912735e-07,0.11518621444702148
8690,2.0357971397711647e-15,0.9999999707069016,1.05757379766147e-07,0.11518621444702148
8700,1.968061851159691e-15,0.9999999711983457,1.0398311034986996e-07,0.11518621444702148
8710,1.9025802573617866e-15,0.9999999716815451,1.0223860748681523e-07,0.11518621444702148
8720,1.8392773843776395e-15,0.9999999721566379,1.0052337175958649e-07,0.11638212203979492
8730,1.7780807137807135e-15,0.9999999726237602,9.883691216805423e-08,0.11638212203979492
8740,1.7189202083782758e-15,0.9999999730830457,9.717874596459884e-08,0.11638212203979492
8750,1.6617280764246217e-15,0.9999999735346258,9.554839846848117e-08,0.11638212203979492
8760,1.6064388655672465e-15,0.9999999739786297,9.39454029632579e-08,0.11638212203979492
8770,1.5529892239382766e-15,0.999999974415185,9.236930058398303e-08,0.11638212203979492
8780,1.5013179874918813e-15,0.999999974844416,9.081964013202257e-08,0.11638212203979492
8790,1.4513659605981446e-15,0.999999975266446,8.929597800932928e-08,0.11638212203979492
8800,1.403075917359081e-15,0.9999999756813955,8.779787806301161e-08,0.1173856258392334
8810,1.356392615907223e-15,0.9999999760893837,8.63249114569918e-08,0.1173856258392334
8820,1.3112625456323616e-15,0.9999999764905272,8.487665646816898e-08,0.1173856258392334
8830,1.2676340623355703e-15,0.9999999768849406,8.345269854681522e-08,0.1173856258392334
8840,1.2254571900299494e-15,0.9999999772727373,8.205263007499117e-08,0.1173856258392334
8850,1.1846836406303834e-15,0.9999999776540276,8.067605025419129e-08,0.1173856258392334
8860,1.145266700628989e-15,0.9999999780289214,7.932256505516195e-08,0.1173856258392334
8870,1.1071612407060745e-15,0.9999999783975256,7.799178697276406e-08,0.1173856258392334
8880,1.070323648027258e-15,0.9999999787599457,7.668333507571108e-08,0.11838483810424805
8890,1.0347117169008602e-15,0.9999999791162856,7.539683483603881e-08,0.11838483810424805
8900,1.0002846540919808e-15,0.9999999794666473,7.4131917957687e-08,0.11838483810424805
8910,9.670030657033071e-16,0.999999979811131,7.288822231210619e-08,0.11838483810424805
8920,9.348288302025354e-16,0.9999999801498355,7.166539189473726e-08,0.11838483810424805
8930,9.037250968292275e-16,0.9999999804828577,7.046307660696344e-08,0.11838483810424805
8940,8.736562453446819e-16,0.9999999808102926,6.92809323293851e-08,0.11838483810424805
8950,8.445878377184727e-16,0.9999999811322344,6.811862063271761e-08,0.1193852424621582
8960,8.164866051495909e-16,0.999999981448775,6.697580878223235e-08,0.1193852424621582
8970,7.893203651814354e-16,0.999999981760005,6.585216962895474e-08,0.1193852424621582
8980,7.630580093648486e-16,0.9999999820660135,6.474738153949815e-08,0.1193852424621582
8990,7.376694579236038e-16,0.9999999823668884,6.366112826106089e-08,0.1193852424621582
9000,7.131256256005397e-16,0.9999999826627154,6.259309879574883e-08,0.1193852424621582
9010,6.893984181095956e-16,0.9999999829535794,6.154298744809306e-08,0.1193852424621582
9020,6.664606709966548e-16,0.9999999832395636,6.051049360300521e-08,0.1193852424621582
9030,6.442861140672666e-16,0.9999999835207499,5.949532169069441e-08,0.12038516998291016
9040,6.22849347370637e-16,0.9999999837972189,5.849718110983985e-08,0.12038516998291016
9050,6.021258236704597e-16,0.9999999840690496,5.751578611390398e-08,0.12038516998291016
9060,5.820918277664873e-16,0.9999999843363198,5.655085579692169e-08,0.12038516998291016
9070,5.627243938198899e-16,0.9999999845991061,5.560211391453221e-08,0.12038516998291016
9080,5.440013598944083e-16,0.9999999848574836,5.4669288862663005e-08,0.12038516998291016
9090,5.259012747733988e-16,0.9999999851115264,5.3752113633120736e-08,0.12038516998291016
9100,5.084034260217768e-16,0.9999999853613073,5.2850325660380537e-08,0.12138509750366211
9110,4.914877640518255e-16,0.9999999856068976,5.1963666786058825e-08,0.12138509750366211
9120,4.751349248090288e-16,0.9999999858483676,5.1091883221609876e-08,0.12138509750366211
9130,4.593261775950539e-16,0.9999999860857867,5.023472537823961e-08,0.12138509750366211
9140,4.4404342479966176e-16,0.9999999863192225,4.939194786290881e-08,0.12138509750366211
9150,4.29269156891624e-16,0.999999986548742,4.856330948366218e-08,0.12138509750366211
9160,4.149864660063628e-16,0.9999999867744109,4.7748572987615716e-08,0.12138509750366211
9170,4.011789779804753e-16,0.9999999869962938,4.6947505179972606e-08,0.12138509750366211
9180,3.87830910076795e-16,0.9999999872144543,4.615987673084444e-08,0.12243533134460449
9190,3.749269471324497e-16,0.9999999874289548,4.538546213350682e-08,0.12243533134460449
9200,3.6245233670095483e-16,0.9999999876398565,4.462403972349517e-08,0.12243533134460449
9210,3.5039277828082483e-16,0.9999999878472201,4.387539153694032e-08,0.12243533134460449
9220,3.387344621321874e-16,0.9999999880511048,4.3139303277261797e-08,0.12243533134460449
9230,3.2746405442914723e-16,0.9999999882515689,4.241556419393146e-08,0.12243533134460449
9240,3.1656862447863743e-16,0.9999999884486698,4.170396714553417e-08,0.12243533134460449
9250,3.0603571991642553e-16,0.9999999886424641,4.1004308426573e-08,0.12243533134460449
9260,2.958532630596443e-16,0.999999988833007,4.031638773727121e-08,0.12343478202819824
9270,2.860095974586323e-16,0.9999999890203533,3.964000815559456e-08,0.12343478202819824
9280,2.764934476729616e-16,0.9999999892045565,3.897497606397661e-08,0.12343478202819824
9290,2.672939275903743e-16,0.9999999893856696,3.8321101051619146e-08,0.12343478202819824
9300,2.5840049199678684e-16,0.999999989563744,3.767819592337387e-08,0.12343478202819824
9310,2.4980296116640086e-16,0.9999999897388309,3.704607666377128e-08,0.12343478202819824
9320,2.4149148294125007e-16,0.9999999899109804,3.642456236152539e-08,0.12343478202819824
9330,2.334565522115673e-16,0.9999999900802417,3.581347509540292e-08,0.1244349479675293
9340,2.256889511373799e-16,0.9999999902466635,3.5212639913351034e-08,0.1244349479675293
9350,2.1817980489574541e-16,0.9999999904102931,3.462188480762833e-08,0.1244349479675293
9360,2.1092049529119431e-16,0.9999999905711776,3.4041040682386385e-08,0.1244349479675293
9370,2.0390272269378624e-16,0.9999999907293631,3.346994124531193e-08,0.1244349479675293
9380,1.9711845210904208e-16,0.9999999908848946,3.2908423023614106e-08,0.1244349479675293
9390,1.9055990155326907e-16,0.9999999910378167,3.235632529652291e-08,0.1244349479675293
9400,1.8421957420810047e-16,0.9999999911881734,3.181348999980996e-08,0.1244349479675293
9410,1.7809019204958992e-16,0.9999999913360076,3.127976172889715e-08,0.12543487548828125
9420,1.7216475621026496e-16,0.9999999914813616,3.0754987705994066e-08,0.12543487548828125
9430,1.6643647019830133e-16,0.999999991624277,3.023901769216831e-08,0.12543487548828125
9440,1.608987729168598e-16,0.9999999917647947,2.973170402154036e-08,0.12543487548828125
9450,1.5554532959703623e-16,0.999999991902955,2.9232901449405056e-08,0.12594151496887207
9460,1.503700075060516e-16,0.9999999920387974,2.874246719619645e-08,0.12594151496887207
9470,1.453668819032007e-16,0.9999999921723609,2.826026085112044e-08,0.12594151496887207
9480,1.40530216215787e-16,0.9999999923036835,2.778614435128258e-08,0.12594151496887207
9490,1.3585447733486547e-16,0.999999992432803,2.7319982018991564e-08,0.12594151496887207
9500,1.3133430962151338e-16,0.9999999925597564,2.68616404023312e-08,0.12594151496887207
9510,1.269645373615587e-16,0.9999999926845798,2.6410988276936787e-08,0.12594151496887207
9520,1.2274016145323711e-16,0.9999999928073091,2.5967896634448772e-08,0.12594151496887207
9530,1.1865633616945568e-16,0.9999999929279793,2.5532238657199678e-08,0.1270895004272461
9540,1.1470838865538934e-16,0.9999999930466251,2.510388965115663e-08,0.1270895004272461
9550,1.1089179191306243e-16,0.9999999931632805,2.4682726934010865e-08,0.1270895004272461
9560,1.0720219019459495e-16,0.9999999932779786,2.4268629996826225e-08,0.1270895004272461
9570,1.0363534739681657e-16,0.9999999933907526,2.3861480264675057e-08,0.1270895004272461
9580,1.0018717626685657e-16,0.9999999935016347,2.346116116902476e-08,0.1270895004272461
9590,9.685373659207721e-17,0.9999999936106563,2.3067558157063635e-08,0.1270895004272461
9600,9.363120685985642e-17,0.999999993717849,2.2680558550036482e-08,0.1270895004272461
9610,9.0515896668581e-17,0.9999999938232432,2.230005157477488e-08,0.1280982494354248
9620,8.750424150005728e-17,0.9999999939268693,2.19259283068538e-08,0.1280982494354248
9630,8.459279187208068e-17,0.999999994028757,2.15580816164127e-08,0.1280982494354248
9640,8.177821114378431e-17,0.9999999941289354,2.1196406198353607e-08,0.1280982494354248
9650,7.905727329151086e-17,0.9999999942274331,2.0840798503951364e-08,0.1280982494354248
9660,7.642687151470595e-17,0.9999999943242782,2.0491156756840864e-08,0.1280982494354248
9670,7.388399020013e-17,0.9999999944194985,2.014738091260492e-08,0.1280982494354248
9680,7.142571108896809e-17,0.9999999945131214,1.9809372540202427e-08,0.12909817695617676
9690,6.904922369577938e-17,0.9999999946051736,1.947703485616325e-08,0.12909817695617676
9700,6.675181468958262e-17,0.9999999946956815,1.915027273702274e-08,0.12909817695617676
9710,6.453083890980911e-17,0.9999999947846708,1.8828992639829726e-08,0.12909817695617676
9720,6.238376130704727e-17,0.9999999948721673,1.8513102611916514e-08,0.12909817695617676
9730,6.030812180816383e-17,0.9999999949581959,1.820251219808421e-08,0.12909817695617676
9740,5.830154250104487e-17,0.9999999950427813,1.78971324836794e-08,0.12909817695617676
9750,5.636172730982773e-17,0.9999999951259474,1.7596876039082996e-08,0.12909817695617676
9760,5.448645356600477e-17,0.9999999952077183,1.7301656961010486e-08,0.1300981044769287
9770,5.267357229232476e-17,0.9999999952881176,1.701139070731083e-08,0.1300981044769287
9780,5.092101112889437e-17,0.9999999953671679,1.6725994154253903e-08,0.1300981044769287
9790,4.9226761685792684e-17,0.9999999954448919,1.6445385632945826e-08,0.1300981044769287
9800,4.758888231974624e-17,0.999999995521312,1.616948483251755e-08,0.1300981044769287
9810,4.600549958866288e-17,0.9999999955964499,1.5898212774367634e-08,0.1300981044769287
9820,4.447479876301108e-17,0.9999999956703274,1.563149181038591e-08,0.1300981044769287
9830,4.2995028713625954e-17,0.9999999957429655,1.536924555323148e-08,0.1300981044769287
9840,4.156449191458582e-17,0.9999999958143848,1.5111398922962082e-08,0.1300981044769287
9850,4.018155229354043e-17,0.999999995884606,1.4857878138596392e-08,0.1300981044769287
9860,3.884462871154128e-17,0.999999995953649,1.4608610655497448e-08,0.1300981044769287
9870,3.755218417495624e-17,0.9999999960215339,1.4363525059235316e-08,0.1316056251525879
9880,3.6302744702607135e-17,0.9999999960882798,1.412255120547522e-08,0.1316056251525879
9890,3.50948741262419e-17,0.999999996153906,1.3885620097408889e-08,0.1316056251525879
9900,3.3927194710743574e-17,0.999999996218431,1.3652663943486177e-08,0.1316056251525879
9910,3.27983649946204e-17,0.9999999962818736,1.3423616042395936e-08,0.1316056251525879
9920,3.170709058613707e-17,0.9999999963442519,1.3198410848791242e-08,0.1316056251525879
9930,3.0652130121322346e-17,0.9999999964055835,1.297698388269518e-08,0.1316056251525879
9940,2.963226909165297e-17,0.9999999964658862,1.2759271769024797e-08,0.1316056251525879
9950,2.864634122032954e-17,0.9999999965251775,1.2545212151881859e-08,0.1326920986175537
9960,2.7693215182913382e-17,0.9999999965834738,1.2334743735409096e-08,0.1326920986175537
9970,2.677180279743187e-17,0.9999999966407921,1.2127806305994631e-08,0.1326920986175537
9980,2.5881049782718476e-17,0.9999999966971488,1.192434063768099e-08,0.1326920986175537
9990,2.5019932172880932e-17,0.9999999967525601,1.1724288479730608e-08,0.1326920986175537
